"u10","v10","d2m","t2m","tp","date"
2.1228244304657,-1.29885351657867,271.416290283203,278.350219726562,0,2024-01-01
1.908447265625,-1.94624269008636,270.114410400391,277.026336669922,0,2024-01-02
0.840054214000702,0.492176055908203,270.949005126953,276.727447509766,3.3775964425331e-07,2024-01-03
1.65433943271637,-2.94059371948242,270.085968017578,278.400787353516,1.31130218505859e-06,2024-01-04
-0.667056381702423,0.00452232360839844,266.863006591797,274.047088623047,0,2024-01-05
-0.96858149766922,0.286076217889786,275.495147705078,278.372772216797,0.000842193781863898,2024-01-06
3.38783574104309,-0.194050475955009,275.367767333984,281.209808349609,1.08679132608813e-05,2024-01-07
-0.881355285644531,-0.717375457286835,270.403686523438,277.218658447266,3.97364310344983e-08,2024-01-08
-1.77160394191742,4.76321077346802,280.258026123047,282.645843505859,0.00241883588023484,2024-01-09
4.59470129013062,1.53763520717621,272.485565185547,280.573638916016,2.43186950683594e-05,2024-01-10
1.69351196289062,1.34841787815094,272.473968505859,278.713226318359,0,2024-01-11
-1.42575204372406,1.51955604553223,275.833282470703,279.526306152344,0.000330666691297665,2024-01-12
4.92538642883301,1.36695802211761,274.395690917969,282.361053466797,5.02665825479198e-05,2024-01-13
2.57058906555176,1.36881577968597,269.055084228516,278.55712890625,0,2024-01-14
-1.41637933254242,-1.25571310520172,270.443267822266,277.568481445312,1.21394796224195e-05,2024-01-15
0.666968643665314,-2.37795066833496,269.632049560547,274,0.000203986957785673,2024-01-16
2.32908701896667,-1.10208892822266,258.607879638672,270.358032226562,0,2024-01-17
1.39845907688141,2.24272465705872,264.021423339844,275.051910400391,0,2024-01-18
3.70770764350891,-1.0358110666275,267.866058349609,278.056091308594,3.01996874441102e-06,2024-01-19
3.03766250610352,-3.64932513237,257.965698242188,270.590606689453,0,2024-01-20
1.63507211208344,-2.42341685295105,258.823333740234,270.12255859375,0,2024-01-21
0.644229888916016,1.33194100856781,263.101654052734,273.353149414062,0,2024-01-22
0.8968785405159,0.838207900524139,270.323699951172,277.772918701172,4.18225936300587e-05,2024-01-23
-0.695926666259766,2.55077362060547,283.591064453125,286.064697265625,7.45058059692383e-06,2024-01-24
0.816849410533905,3.35547065734863,290.526031494141,290.912963867188,0.000558376312255859,2024-01-25
2.10802531242371,2.80227160453796,289.984161376953,292.558868408203,5.56707382202148e-05,2024-01-26
-1.15867102146149,-0.707710266113281,285.039642333984,287.449493408203,0.000726322352420539,2024-01-27
2.51945948600769,0.669379532337189,281.7216796875,286.278778076172,0.00023092825722415,2024-01-28
2.37144541740417,-3.22748947143555,271.828460693359,280.694580078125,0,2024-01-29
-1.12800848484039,-0.0436134338378906,271.61376953125,277.173675537109,3.22858504659962e-05,2024-01-30
-0.874701797962189,-1.13495695590973,276.037475585938,278.428375244141,0.000137587383505888,2024-01-31
1.92093515396118,-0.06268310546875,273.661285400391,278.671752929688,0,2024-02-01
1.73107850551605,-1.76059782505035,275.449157714844,283.077087402344,0,2024-02-02
-0.922756195068359,-1.46005570888519,271.801422119141,277.787261962891,0,2024-02-03
-1.60683691501617,-0.79876834154129,270.921173095703,277.590942382812,0,2024-02-04
-2.09374499320984,-1.84521043300629,270.180938720703,278.929656982422,0,2024-02-05
-1.94956588745117,-3.18169403076172,269.116790771484,277.981597900391,0,2024-02-06
-1.01038801670074,-1.98143446445465,267.194793701172,276.351654052734,0,2024-02-07
0.217830657958984,1.93521690368652,269.991241455078,277.818603515625,0,2024-02-08
2.47440457344055,2.0344295501709,275.515899658203,282.787445068359,3.00407409667969e-05,2024-02-09
3.02578234672546,1.69641816616058,283.559326171875,287.759613037109,0.000124017402413301,2024-02-10
0.375652939081192,0.092629112303257,285.792633056641,286.559356689453,0.000834842503536493,2024-02-11
-1.03429222106934,0.697031021118164,285.583374023438,286.115478515625,0.000553826510440558,2024-02-12
3.35396766662598,-1.18156182765961,274.93115234375,283.897491455078,0.000147422149893828,2024-02-13
2.9959819316864,-0.474804550409317,271.770660400391,281.028778076172,1.9868214451435e-07,2024-02-14
0.950113952159882,1.32347047328949,273.448638916016,282.294586181641,0,2024-02-15
0.936184585094452,-0.17144139111042,272.541900634766,283.118133544922,0,2024-02-16
2.19479823112488,-2.23673439025879,270.272369384766,280.277984619141,0,2024-02-17
1.52597749233246,0.162766769528389,265.176361083984,275.048461914062,0,2024-02-18
0.0373776741325855,-1.38913154602051,267.2529296875,277.893524169922,0,2024-02-19
-1.86926019191742,-0.204235076904297,269.935974121094,277.434051513672,0,2024-02-20
-1.03599226474762,-0.314133316278458,271.420379638672,278.008148193359,0,2024-02-21
1.19268667697906,3.81158638000488,273.286010742188,283.405364990234,2.08020210266113e-05,2024-02-22
2.58811950683594,1.18200302124023,279.313446044922,284.714813232422,0.000174025699379854,2024-02-23
2.97938227653503,-1.3315601348877,273.631500244141,281.019958496094,6.91215172992088e-05,2024-02-24
0.663218200206757,-0.444529205560684,269.154510498047,277.705780029297,0,2024-02-25
2.10446238517761,3.18266749382019,274.136016845703,285.115356445312,3.33786010742188e-06,2024-02-26
1.48142874240875,4.54352903366089,280.623870849609,285.635192871094,0.000120262302516494,2024-02-27
3.84484100341797,4.07177782058716,283.803070068359,289.641632080078,0.000472962856292725,2024-02-28
1.16665780544281,-1.58522164821625,265.691680908203,278.799926757812,0,2024-02-29
-1.92025315761566,-0.350859969854355,273.83642578125,278.582580566406,0.000710646330844611,2024-03-01
-0.236836120486259,-0.824312210083008,282.931030273438,284.927429199219,0.000293771416181698,2024-03-02
-0.688255310058594,0.70525997877121,283.955596923828,287.337493896484,4.88758087158203e-06,2024-03-03
-1.47718298435211,-1.62589073181152,283.203369140625,287.263214111328,0,2024-03-04
-0.128789901733398,-0.102424621582031,283.696990966797,288.418670654297,1.07288360595703e-06,2024-03-05
-1.37605285644531,-0.975018799304962,285.679290771484,286.843780517578,0.000178337097167969,2024-03-06
0.0109221143648028,-1.04133415222168,284.638000488281,288.641937255859,5.34653663635254e-05,2024-03-07
-2.49746775627136,0.894621551036835,281.705993652344,286.488067626953,8.26517771201907e-06,2024-03-08
-1.41511535644531,1.67423820495605,283.691741943359,284.717437744141,0.00117323792073876,2024-03-09
4.53575325012207,-2.42417073249817,272.401214599609,283.355560302734,0,2024-03-10
3.34018445014954,-1.02871453762054,266.056365966797,281.439758300781,0,2024-03-11
2.13298606872559,0.315769195556641,269.972747802734,284.289642333984,0,2024-03-12
1.61748826503754,0.0754292830824852,274.098571777344,287.284301757812,0,2024-03-13
1.52372491359711,0.998114287853241,276.919464111328,289.529510498047,0,2024-03-14
2.81511116027832,2.19535326957703,284.535003662109,290.513671875,0.00020084778952878,2024-03-15
0.83709591627121,-0.518987655639648,283.32666015625,289.440612792969,3.97364289028701e-07,2024-03-16
2.3788001537323,1.23999655246735,281.897308349609,289.876678466797,2.18550368913384e-07,2024-03-17
2.41784930229187,-2.57661437988281,268.850677490234,284.755310058594,7.94728620689966e-08,2024-03-18
2.85943984985352,-0.367937713861465,265.996368408203,279.236602783203,0,2024-03-19
3.83516764640808,1.01246893405914,270.605743408203,285.895202636719,0,2024-03-20
-0.347673416137695,-1.3079776763916,270.614013671875,284.637786865234,0,2024-03-21
-2.43958973884583,0.66485595703125,279.924530029297,283.693878173828,0.000327666610246524,2024-03-22
-0.568769454956055,-3.22773432731628,282.349243164062,286.616485595703,0.000622828782070428,2024-03-23
-1.99583566188812,-3.25992774963379,268.704833984375,279.430938720703,0,2024-03-24
-2.24615931510925,-0.805133819580078,272.065521240234,280.705444335938,0,2024-03-25
-2.38994216918945,0.274796158075333,274.915802001953,282.416015625,2.30669975280762e-05,2024-03-26
-1.50139999389648,-0.871782958507538,281.641967773438,283.136352539062,0.00180794799234718,2024-03-27
0.654850125312805,-3.60864758491516,278.148345947266,285.013946533203,1.80602073669434e-05,2024-03-28
3.84187412261963,-0.859144866466522,272.669616699219,285.853363037109,5.16573607001192e-07,2024-03-29
3.09489178657532,1.67692375183105,274.831329345703,289.257965087891,0,2024-03-30
2.78441619873047,1.59168756008148,281.308837890625,292.492950439453,2.7815499947792e-07,2024-03-31
2.63340640068054,2.08434867858887,286.428955078125,293.436126708984,0,2024-04-01
2.59601974487305,2.75520133972168,289.050323486328,295.093536376953,5.16573607001192e-07,2024-04-02
2.78336644172668,2.94274711608887,286.500152587891,291.851043701172,0.000663936138153076,2024-04-03
4.6321849822998,0.115168891847134,272.446258544922,283.091705322266,1.34706497192383e-05,2024-04-04
3.08025288581848,-1.74056684970856,272.073120117188,282.169586181641,0,2024-04-05
1.79589593410492,-3.29418253898621,270.745330810547,282.350921630859,0,2024-04-06
0.427023559808731,-0.90162593126297,274.18603515625,283.462066650391,0,2024-04-07
1.10254228115082,2.47385334968567,279.644653320312,288.174743652344,4.28756065957714e-05,2024-04-08
2.55762553215027,1.92372763156891,285.017700195312,288.587677001953,0.000143210098030977,2024-04-09
0.827180206775665,1.98185157775879,287.356079101562,290.279449462891,0.00010440746700624,2024-04-10
-1.53181517124176,5.13654470443726,289.90966796875,292.213348388672,0.000787675380706787,2024-04-11
5.59228515625,1.04123878479004,279.652740478516,289.252532958984,3.70939560525585e-05,2024-04-12
4.55790901184082,-1.22359526157379,275.836944580078,288.161590576172,0,2024-04-13
2.21953392028809,1.83398056030273,278.582763671875,290.804473876953,0,2024-04-14
2.82473254203796,1.86833763122559,283.010955810547,295.474273681641,0,2024-04-15
-0.9019495844841,-0.332380294799805,286.812133789062,294.469482421875,0,2024-04-16
1.29045045375824,3.24571800231934,287.66455078125,293.444854736328,7.94728620689966e-08,2024-04-17
2.12691760063171,0.0167420711368322,285.886444091797,295.543853759766,0,2024-04-18
-1.60372674465179,0.512048721313477,287.735565185547,291.82080078125,0.00014263391494751,2024-04-19
0.389314025640488,-1.49818801879883,287.214752197266,292.282287597656,3.93390655517578e-06,2024-04-20
-0.486405044794083,-2.61971664428711,279.724975585938,283.751098632812,0.000467856734758243,2024-04-21
-0.417198807001114,-1.92887115478516,275.589385986328,282.63037109375,2.94049573312805e-06,2024-04-22
1.91351759433746,2.17119145393372,276.625213623047,285.700622558594,0,2024-04-23
2.53106689453125,1.42757546901703,282.009552001953,288.892547607422,6.84062615619041e-05,2024-04-24
-0.991774260997772,-1.92240905761719,280.486694335938,289.129638671875,0,2024-04-25
-2.34918928146362,0.0433699302375317,282.434478759766,287.619018554688,1.43051147460938e-06,2024-04-26
-0.573783874511719,1.98132264614105,285.008178710938,290.936492919922,5.96046447753906e-08,2024-04-27
2.10135722160339,2.70779156684875,287.291656494141,292.798370361328,1.58945724137993e-07,2024-04-28
2.28976440429688,2.30981373786926,286.188598632812,293.826324462891,0,2024-04-29
2.2730610370636,2.86354184150696,287.490203857422,293.679260253906,6.8744025156775e-06,2024-04-30
0.618162155151367,-0.341789245605469,287.716583251953,294.667877197266,2.7815499947792e-07,2024-05-01
0.258061736822128,0.726533889770508,286.333435058594,295.772308349609,0,2024-05-02
1.22061538696289,1.62020874023438,289.633026123047,296.105499267578,1.43051147460938e-06,2024-05-03
-1.6896425485611,0.331293106079102,291.157379150391,292.047088623047,0.00108456611633301,2024-05-04
-1.03876554965973,0.858809769153595,291.476623535156,292.227142333984,0.00100994110107422,2024-05-05
0.94430285692215,2.08735346794128,292.402435302734,293.97021484375,0.000260730594163761,2024-05-06
2.92326426506042,1.60677146911621,291.817291259766,295.112945556641,0.000128587082144804,2024-05-07
2.79021072387695,1.07628953456879,292.843658447266,296.696929931641,9.5367431640625e-07,2024-05-08
2.9192943572998,1.62128388881683,291.261413574219,294.151092529297,0.00012439489364624,2024-05-09
2.87052798271179,-1.22438299655914,286.908355712891,293.791625976562,1.18414563985425e-05,2024-05-10
1.41418325901031,-0.502805709838867,281.119598388672,289.084014892578,6.55651092529297e-07,2024-05-11
2.24529838562012,-1.20806884765625,281.481689453125,290.549896240234,5.16573607001192e-07,2024-05-12
-0.88487434387207,0.944931030273438,283.398956298828,290.221160888672,0,2024-05-13
-1.61378538608551,0.468781799077988,289.624298095703,290.694793701172,0.00164439284708351,2024-05-14
-0.191158935427666,-1.07473242282867,289.615234375,290.796356201172,0.000369290501112118,2024-05-15
0.571516692638397,-0.844490051269531,290.007690429688,293.284454345703,1.86562538146973e-05,2024-05-16
-0.336156219244003,0.155846282839775,291.262084960938,293.801879882812,0.000198344394448213,2024-05-17
0.0840314254164696,0.093889869749546,292.069915771484,293.808471679688,0.000286062568193302,2024-05-18
-1.98656523227692,-1.83242273330688,288.679229736328,291.247406005859,1.85966491699219e-05,2024-05-19
-1.24965536594391,-0.895255386829376,288.582672119141,292.748565673828,3.51667404174805e-06,2024-05-20
-0.0777295455336571,0.702732086181641,288.680633544922,294.476501464844,0,2024-05-21
1.13962614536285,2.28035426139832,289.923645019531,296.371124267578,6.1591464373123e-07,2024-05-22
1.4545179605484,0.349051803350449,291.788482666016,296.612274169922,0.000125487640616484,2024-05-23
0.729700088500977,-0.13590495288372,292.601348876953,295.780487060547,0.000688831030856818,2024-05-24
0.763673782348633,0.519738495349884,292.209320068359,296.332794189453,0.000165104866027832,2024-05-25
0.804553329944611,0.181463241577148,292.380157470703,297.360260009766,2.92062759399414e-06,2024-05-26
1.96011221408844,2.65861439704895,292.296051025391,296.396759033203,6.94592818035744e-05,2024-05-27
2.04207873344421,-0.670217514038086,288.806762695312,296.663330078125,7.15255737304688e-07,2024-05-28
1.91995680332184,-1.25157988071442,285.294921875,295.069610595703,0,2024-05-29
0.96095085144043,-2.08123517036438,283.088439941406,293.037139892578,0,2024-05-30
-0.670188903808594,-2.13636517524719,279.334686279297,291.177459716797,0,2024-05-31
-0.306088775396347,1.44754409790039,282.842620849609,291.156402587891,0,2024-06-01
1.00973951816559,2.85359573364258,289.337280273438,293.643463134766,9.1592468379531e-05,2024-06-02
1.49319326877594,1.91164398193359,292.300994873047,296.053802490234,7.36117362976074e-05,2024-06-03
0.512322723865509,1.44170701503754,293.395050048828,297.185699462891,3.69151421182323e-05,2024-06-04
1.50301706790924,2.59005165100098,293.513275146484,297.013824462891,6.66777268634178e-05,2024-06-05
2.6385338306427,2.26712989807129,293.939636230469,297.621063232422,0.000136633709189482,2024-06-06
2.45524477958679,-1.01241743564606,288.443084716797,298.460754394531,1.94708513845399e-06,2024-06-07
1.33777368068695,-0.281103134155273,284.615081787109,296.396270751953,0,2024-06-08
2.87943649291992,0.481912612915039,289.3359375,297.459686279297,0.000161131218192168,2024-06-09
1.65211808681488,-0.551080703735352,285.850372314453,295.977752685547,4.80810786029906e-06,2024-06-10
-0.303375244140625,-1.42324507236481,286.396240234375,295.106750488281,5.90085983276367e-06,2024-06-11
-1.25683152675629,0.227785110473633,289.251678466797,296.050506591797,1.11262006612378e-05,2024-06-12
-0.63908576965332,1.90740203857422,290.270202636719,297.615356445312,2.7815499947792e-07,2024-06-13
0.711568832397461,1.01311492919922,290.551971435547,299.093536376953,3.97364310344983e-08,2024-06-14
-1.31980836391449,-1.51976716518402,289.723358154297,299.7939453125,1.21196114832856e-06,2024-06-15
-2.16276097297668,1.46833229064941,290.075775146484,298.262542724609,4.96705354180449e-07,2024-06-16
-0.60883903503418,2.07858395576477,291.978271484375,299.012481689453,1.83979664143408e-05,2024-06-17
-1.54671287536621,1.51611578464508,291.202270507812,298.580413818359,3.37759661306336e-06,2024-06-18
-1.76255798339844,0.939191818237305,289.8330078125,297.776458740234,0,2024-06-19
-1.35586929321289,0.780038833618164,290.463226318359,297.640441894531,2.02655792236328e-06,2024-06-20
-0.368098586797714,1.46625137329102,290.189605712891,298.742950439453,0,2024-06-21
1.09026777744293,1.92679786682129,293.104156494141,300.672973632812,3.17891431222961e-06,2024-06-22
1.81815278530121,2.99788856506348,294.517333984375,301.76904296875,3.77496075998351e-06,2024-06-23
1.03621482849121,-0.509238541126251,290.654876708984,302.889923095703,3.17891448275986e-07,2024-06-24
-1.09196603298187,-0.0661684647202492,289.453369140625,300.348236083984,0,2024-06-25
1.00088632106781,2.54157638549805,293.586303710938,302.422943115234,9.11951065063477e-06,2024-06-26
0.230559036135674,0.446922302246094,293.641479492188,298.838958740234,7.01546669006348e-05,2024-06-27
-2.06494784355164,0.684273421764374,291.376190185547,300.487152099609,0,2024-06-28
-0.433379501104355,2.14661598205566,294.782196044922,302.063140869141,2.62260437011719e-06,2024-06-29
1.15732133388519,1.62097358703613,296.597930908203,301.698974609375,0.000313560158247128,2024-06-30
-1.62541902065277,-1.60016059875488,289.43896484375,297.7900390625,0.000228007629630156,2024-07-01
-1.86512184143066,-0.0408356972038746,286.169067382812,295.194549560547,0,2024-07-02
-0.584951400756836,1.9141674041748,290.493743896484,297.873168945312,9.13937867608183e-07,2024-07-03
0.843059539794922,1.31848466396332,293.564788818359,301.124267578125,2.64247250925109e-06,2024-07-04
0.712495803833008,1.2623735666275,295.740570068359,301.681823730469,0.000217358276131563,2024-07-05
0.930207550525665,0.632977783679962,296.243072509766,300.827972412109,0.000405748694902286,2024-07-06
0.080762229859829,0.638944625854492,296.820159912109,297.847808837891,0.000729759514797479,2024-07-07
0.00940132141113281,1.09415245056152,296.397918701172,299.625122070312,6.22669831500389e-05,2024-07-08
-0.037832897156477,1.51869583129883,296.324981689453,301.859405517578,1.08877820821363e-05,2024-07-09
0.600956618785858,2.69442176818848,296.264801025391,302.539581298828,1.09672546386719e-05,2024-07-10
-0.378115326166153,-2.27534174919128,290.295654296875,300.382904052734,6.14921227679588e-05,2024-07-11
-1.37099647521973,-0.717109024524689,295.994964599609,297.050140380859,0.000947177410125732,2024-07-12
0.00382677721790969,-0.24074299633503,295.626922607422,299.909942626953,3.47097702615429e-05,2024-07-13
1.56102240085602,1.18538093566895,294.455596923828,301.727264404297,4.37100737826768e-07,2024-07-14
1.0355840921402,1.4800637960434,293.781036376953,301.98974609375,4.78823994853883e-06,2024-07-15
1.88395941257477,1.74986326694489,295.388031005859,301.705444335938,1.67091693583643e-05,2024-07-16
1.68051588535309,1.82199919223785,295.676666259766,301.152740478516,0.000110626220703125,2024-07-17
1.14777505397797,0.733540236949921,295.549224853516,298.488128662109,0.000572264194488525,2024-07-18
-1.02849388122559,-0.566614806652069,294.892852783203,297.488067626953,0.000191748142242432,2024-07-19
0.567977905273438,0.454063415527344,295.105194091797,297.103393554688,0.000864764035213739,2024-07-20
0.268341690301895,0.589761734008789,295.202667236328,297.933624267578,0.00014523665595334,2024-07-21
0.423687607049942,1.81777131557465,295.907043457031,297.531555175781,0.000848174095153809,2024-07-22
1.01813638210297,1.79363691806793,295.820098876953,298.855102539062,0.000299692153930664,2024-07-23
1.32196867465973,1.92692947387695,295.423736572266,299.056365966797,0.000195840999367647,2024-07-24
0.896483719348907,0.876151382923126,295.704010009766,296.659515380859,0.000901003659237176,2024-07-25
-0.703411757946014,-0.473522812128067,295.270690917969,297.176116943359,0.000203192234039307,2024-07-26
-1.41881942749023,-1.17672216892242,293.054901123047,297.438201904297,1.20600061563891e-05,2024-07-27
-0.221153900027275,1.24668943881989,292.128265380859,297.561431884766,1.05301535313629e-06,2024-07-28
0.773723602294922,2.18682360649109,293.991241455078,295.999145507812,0.000231166675803252,2024-07-29
1.16193962097168,2.17690467834473,295.409759521484,298.433563232422,0.000184178352355957,2024-07-30
1.67989408969879,0.615163147449493,295.255004882812,299.499603271484,1.3748805031355e-05,2024-07-31
1.97692358493805,-0.0892645493149757,295.52734375,301.337829589844,8.54333222832793e-07,2024-08-01
1.49263060092926,1.54146635532379,295.839019775391,300.02978515625,7.2479248046875e-05,2024-08-02
1.01893043518066,3.20974349975586,295.491760253906,298.072235107422,0.000884433567989618,2024-08-03
1.45634019374847,1.88198852539062,295.136993408203,298.176605224609,9.78509560809471e-05,2024-08-04
0.0453834533691406,1.44941008090973,296.167572021484,299.203399658203,5.81940003030468e-05,2024-08-05
-1.86626052856445,0.240636825561523,295.338287353516,297.179718017578,0.00032077232026495,2024-08-06
-3.07357287406921,-2.25798535346985,296.389556884766,297.601348876953,0.000422060489654541,2024-08-07
-5.13491058349609,-1.87848722934723,295.815551757812,296.623870849609,0.00387976574711502,2024-08-08
1.14622116088867,2.616854429245,295.739288330078,299.328491210938,7.58767127990723e-05,2024-08-09
0.555648148059845,-0.410320281982422,296.235382080078,300.150238037109,2.51730289164698e-05,2024-08-10
-0.374551773071289,-1.25758743286133,294.408233642578,298.907501220703,9.83476638793945e-06,2024-08-11
-0.531652450561523,-1.60329627990723,292.748138427734,297.398284912109,5.09421042806935e-05,2024-08-12
-0.539383590221405,-0.812480270862579,293.423370361328,294.838714599609,0.000381827354431152,2024-08-13
-0.0582141876220703,-0.96353405714035,291.76904296875,295.845825195312,1.51395797729492e-05,2024-08-14
-0.657341003417969,-0.561377823352814,291.734527587891,296.402496337891,6.71545649311156e-06,2024-08-15
0.251927047967911,1.97106111049652,292.63330078125,297.388824462891,1.47223472595215e-05,2024-08-16
1.16244125366211,1.97892439365387,295.2685546875,298.887817382812,9.06785353436135e-05,2024-08-17
1.28783547878265,0.98510617017746,294.874755859375,298.186676025391,0.00053638219833374,2024-08-18
1.73241937160492,-1.16415464878082,292.604522705078,296.609649658203,3.99748496420216e-05,2024-08-19
-0.126207947731018,-2.25349879264832,289.609832763672,294.650665283203,4.70876693725586e-06,2024-08-20
-0.947329223155975,-1.4874439239502,285.425201416016,291.756561279297,0,2024-08-21
-1.00649070739746,0.0192070007324219,285.443695068359,291.708374023438,0,2024-08-22
-1.34444177150726,0.0786889418959618,287.196380615234,292.476837158203,0,2024-08-23
-1.33249855041504,-0.465145736932755,287.643646240234,293.316497802734,0,2024-08-24
-1.29900109767914,-0.346947342157364,288.736358642578,294.699798583984,0,2024-08-25
0.0689735412597656,0.706473052501678,290.081634521484,296.513275146484,0,2024-08-26
0.946919143199921,0.648388564586639,292.482299804688,298.966094970703,2.18550368913384e-07,2024-08-27
1.71806013584137,1.02266502380371,293.534820556641,300.138824462891,3.97364310344983e-08,2024-08-28
1.03199636936188,1.05389273166656,294.687286376953,300.790435791016,4.23391647927929e-05,2024-08-29
-0.486135482788086,0.208587646484375,295.240142822266,298.171539306641,0.000492950261104852,2024-08-30
-0.298239380121231,0.408114105463028,294.3759765625,297.601409912109,4.86771250507445e-06,2024-08-31
1.09421730041504,1.6321359872818,295.282745361328,297.637084960938,0.000195999935385771,2024-09-01
-0.735733032226562,-0.961647033691406,293.803466796875,296.644927978516,0.000156422451254912,2024-09-02
-2.53907012939453,-2.87893605232239,285.280364990234,292.570556640625,0,2024-09-03
-1.94956648349762,-2.07434010505676,287.887664794922,291.6630859375,1.52985251133941e-06,2024-09-04
-1.68266427516937,-1.77420234680176,288.898803710938,292.654205322266,4.86771250507445e-06,2024-09-05
-0.814889907836914,-0.310219436883926,288.870330810547,292.886871337891,2.58286803500596e-07,2024-09-06
1.30278074741364,-1.38888168334961,288.864898681641,294.409698486328,2.2093454390415e-05,2024-09-07
-0.446194976568222,-1.10927581787109,283.289886474609,290.912719726562,0,2024-09-08
0.085044227540493,0.0876820906996727,286.053253173828,290.700775146484,0,2024-09-09
-0.0335502624511719,-0.103351593017578,286.084320068359,292.01708984375,0,2024-09-10
-1.32617247104645,0.802331924438477,286.662963867188,292.192474365234,0,2024-09-11
-2.47208905220032,-0.423777908086777,287.903289794922,292.883026123047,0,2024-09-12
-2.77258038520813,-2.30786776542664,292.240600585938,294.126586914062,0.000150958701851778,2024-09-13
-3.27934575080872,-2.41229319572449,291.517120361328,295.873077392578,2.29080524150049e-05,2024-09-14
-3.07792401313782,-3.03971028327942,291.423553466797,294.577667236328,0.000102460384368896,2024-09-15
-2.9336051940918,-4.70964670181274,290.002807617188,291.220092773438,0.00190603733062744,2024-09-16
-3.03877639770508,-0.899098098278046,293.254852294922,294.367279052734,0.00118698680307716,2024-09-17
-0.0343265533447266,-0.433024734258652,292.648010253906,295.383697509766,5.0663948059082e-05,2024-09-18
-0.744668304920197,-1.50276815891266,293.014862060547,294.783050537109,0.000279068946838379,2024-09-19
-0.117324195802212,-0.321625381708145,292.768615722656,295.236999511719,4.57167625427246e-05,2024-09-20
0.349027007818222,1.58180868625641,292.77783203125,296.016906738281,1.74442920979345e-05,2024-09-21
-0.102301917970181,-0.181453064084053,293.3544921875,296.753143310547,9.95397567749023e-06,2024-09-22
-0.739036560058594,1.43311500549316,292.843475341797,294.815887451172,1.24573707580566e-05,2024-09-23
-0.841111481189728,1.91573846340179,294.607696533203,295.412933349609,0.000633279501926154,2024-09-24
-0.912862777709961,1.89363729953766,294.034088134766,296.629974365234,0.000719606876373291,2024-09-25
-2.59934425354004,1.40467071533203,295.160064697266,295.908905029297,0.000628431618679315,2024-09-26
-3.38378262519836,2.73845481872559,295.239105224609,297.519073486328,0.000924030959140509,2024-09-27
0.0175959262996912,2.6739559173584,290.596343994141,295.477386474609,3.97364310344983e-08,2024-09-28
-0.314381927251816,1.50445365905762,293.118957519531,295.099334716797,0.000215351581573486,2024-09-29
-0.782025039196014,0.163579300045967,293.703247070312,295.072509765625,0.000532448291778564,2024-09-30
-0.297097533941269,-2.2236168384552,292.472625732422,294.121032714844,0.000185211494681425,2024-10-01
-0.300470978021622,-0.664855301380157,291.626434326172,294.603393554688,1.58747043315088e-05,2024-10-02
-1.22710418701172,1.25066125392914,291.544311523438,293.93798828125,1.72853469848633e-06,2024-10-03
-0.109368003904819,1.30557382106781,291.58935546875,294.35693359375,1.23182935567456e-05,2024-10-04
-0.333745956420898,-1.62587225437164,290.405029296875,294.778228759766,0,2024-10-05
-0.526224136352539,0.101085662841797,289.9609375,292.567657470703,5.46375895282836e-06,2024-10-06
0.984575271606445,-0.458853393793106,287.677764892578,293.918334960938,0,2024-10-07
-1.31133711338043,-1.95300352573395,282.875823974609,289.173583984375,0,2024-10-08
0.193141937255859,-0.53120231628418,282.883453369141,288.258148193359,0,2024-10-09
-1.68956184387207,-2.81686782836914,279.536224365234,287.559783935547,0,2024-10-10
0.437450408935547,-0.582548141479492,279.765502929688,285.429412841797,0,2024-10-11
2.38906741142273,0.844344437122345,282.047882080078,288.563323974609,0,2024-10-12
2.29019546508789,2.58751678466797,283.533081054688,290.676300048828,0,2024-10-13
2.86574816703796,-0.963776886463165,281.002960205078,291.189178466797,0,2024-10-14
1.54390203952789,-1.70435011386871,277.085174560547,283.954864501953,1.67290363606298e-05,2024-10-15
1.16208517551422,-3.28809428215027,276.074462890625,283.061492919922,9.77516174316406e-06,2024-10-16
0.897327423095703,-2.74495196342468,275.814910888672,282.343444824219,0,2024-10-17
-0.256782531738281,-2.22090721130371,276.687286376953,283.097869873047,0,2024-10-18
-0.757702529430389,-1.86284065246582,277.487152099609,284.311767578125,0,2024-10-19
-0.579522430896759,-1.09531593322754,279.517608642578,285.747375488281,0,2024-10-20
-0.442497253417969,-0.509728133678436,280.964019775391,287.349731445312,0,2024-10-21
-0.119695030152798,0.402376174926758,281.422454833984,288.009796142578,0,2024-10-22
1.77440702915192,0.68907356262207,283.516876220703,289.036224365234,0,2024-10-23
1.15900671482086,-1.95962655544281,282.395904541016,289.958099365234,0,2024-10-24
0.350406646728516,1.32059669494629,280.704620361328,286.898773193359,0,2024-10-25
1.17774069309235,-1.25514984130859,285.388427734375,291.799652099609,2.58485470112646e-05,2024-10-26
-1.53725183010101,-1.5355771780014,280.574279785156,285.895874023438,0.000132501125335693,2024-10-27
-0.618476212024689,0.0585905723273754,280.997528076172,284.702484130859,0,2024-10-28
-0.576824188232422,1.40180587768555,282.778228759766,286.263305664062,0,2024-10-29
1.02845704555511,1.91875267028809,287.250732421875,291.539703369141,3.37759661306336e-06,2024-10-30
1.77158296108246,2.87030339241028,287.265411376953,292.094970703125,0,2024-10-31
2.65821838378906,2.04188847541809,289.560028076172,292.903778076172,8.0267591329175e-06,2024-11-01
-1.31234169006348,-1.42631149291992,283.689727783203,290.508148193359,1.5695890169809e-06,2024-11-02
-2.16534876823425,-1.24639129638672,279.227508544922,285.752075195312,0,2024-11-03
-1.77186262607574,-0.981707870960236,282.331695556641,286.339752197266,0,2024-11-04
-1.61889839172363,1.53918015956879,287.026062011719,290.520080566406,6.95387541327364e-07,2024-11-05
1.34590661525726,2.04944920539856,289.786285400391,293.116638183594,9.05990600585938e-06,2024-11-06
2.01948809623718,1.02447831630707,291.41552734375,294.804412841797,3.82463149435353e-05,2024-11-07
1.55387938022614,-0.607249557971954,289.833770751953,293.964996337891,1.96695327758789e-06,2024-11-08
-1.98898065090179,-2.05835843086243,276.704956054688,287.547149658203,0,2024-11-09
-0.650382995605469,0.911724090576172,280.647491455078,284.576538085938,0.000399112701416016,2024-11-10
2.730717420578,1.33062613010406,287.213775634766,289.098052978516,0.000153422355651855,2024-11-11
-0.0979951247572899,-2.66971588134766,279.226593017578,287.308959960938,0,2024-11-12
-2.32884788513184,-1.44113481044769,273.646392822266,281.262298583984,0,2024-11-13
-1.76795387268066,-1.07443487644196,278.378143310547,279.860473632812,0.00114283955190331,2024-11-14
0.965251922607422,-2.75927925109863,280.701141357422,283.525573730469,2.32458114624023e-06,2024-11-15
1.24300825595856,-1.89663755893707,278.836151123047,283.315551757812,0,2024-11-16
0.835913956165314,0.137472793459892,278.956329345703,282.451385498047,0,2024-11-17
1.55740869045258,-0.0172290802001953,282.559814453125,286.35009765625,0,2024-11-18
1.47091996669769,1.7763284444809,284.174285888672,287.238433837891,7.47044896343141e-06,2024-11-19
2.24058532714844,1.13195669651031,287.586822509766,288.966339111328,0.000742057978641242,2024-11-20
3.14409756660461,-1.01154959201813,270.448669433594,280.881652832031,5.5630999895584e-07,2024-11-21
3.99791836738586,-1.31360113620758,269.184967041016,277.407318115234,6.19888305664062e-06,2024-11-22
3.8887984752655,-1.22471618652344,273.917999267578,281.648773193359,0,2024-11-23
1.76847457885742,0.590812027454376,275.8623046875,281.092498779297,0,2024-11-24
1.38929307460785,1.22300720214844,278.340484619141,283.87255859375,0,2024-11-25
2.60134315490723,-0.249460220336914,281.572601318359,286.715606689453,0.000119109950901475,2024-11-26
-0.784587860107422,-0.513855636119843,276.178375244141,281.683074951172,3.97364310344983e-08,2024-11-27
2.52287292480469,0.483158737421036,281.181854248047,285.448913574219,0.000174800559761934,2024-11-28
1.8200181722641,-1.86230027675629,270.973846435547,277.60498046875,0,2024-11-29
2.35077476501465,-0.324043273925781,265.256378173828,274.000030517578,0,2024-11-30
1.92473411560059,-0.0219885502010584,267.870239257812,276.275238037109,1.27156579310395e-06,2024-12-01
1.40730035305023,-2.02417492866516,266.030853271484,273.916290283203,0,2024-12-02
1.10713958740234,-2.39548563957214,264.848297119141,272.835418701172,1.61528587341309e-05,2024-12-03
1.66279089450836,2.12030529975891,265.240325927734,273.747344970703,0,2024-12-04
3.51699328422546,-0.288616806268692,266.864166259766,279.673706054688,6.1591464373123e-07,2024-12-05
1.34795570373535,-2.74663090705872,260.832641601562,270.893157958984,0,2024-12-06
1.87248861789703,0.455602645874023,263.032684326172,272.901336669922,0,2024-12-07
3.23380923271179,1.9431324005127,271.787994384766,281.914886474609,0,2024-12-08
2.49240112304688,2.80462336540222,280.106048583984,283.387420654297,0.000251789897447452,2024-12-09
0.6141357421875,2.58866572380066,286.665863037109,287.186889648438,0.00051039457321167,2024-12-10
2.73324012756348,1.83082830905914,283.053619384766,285.802764892578,0.00220638513565063,2024-12-11
2.67343711853027,0.383174270391464,268.834625244141,275.763671875,0,2024-12-12
0.287890762090683,0.105555854737759,272.668701171875,277.275512695312,0,2024-12-13
-2.14689517021179,-2.06244587898254,272.764739990234,276.776702880859,0,2024-12-14
-1.52866554260254,-2.08424687385559,274.725494384766,277.809539794922,3.01798190776026e-05,2024-12-15
0.51976203918457,0.258805602788925,279.518829345703,280.782257080078,2.2312005967251e-05,2024-12-16
2.49257779121399,1.57883644104004,284.191467285156,286.143035888672,6.55651092529297e-06,2024-12-17
0.623791396617889,1.22048819065094,285.122406005859,287.242645263672,0.000160793468239717,2024-12-18
-1.01333105564117,-2.24953651428223,278.069580078125,282.902954101562,1.07288360595703e-06,2024-12-19
0.610711395740509,-0.805803298950195,275.460998535156,280.123809814453,1.84774398803711e-05,2024-12-20
1.68751585483551,-2.94529151916504,269.094207763672,276.492950439453,0,2024-12-21
-0.768304824829102,-1.69376373291016,263.889923095703,271.685028076172,0,2024-12-22
-1.48567962646484,0.10523796081543,264.331695556641,271.926177978516,0,2024-12-23
0.292958587408066,-0.564550399780273,269.923736572266,276.994842529297,0,2024-12-24
-1.29716432094574,-1.30320930480957,273.671417236328,278.262115478516,0,2024-12-25
-1.69020712375641,-0.438215255737305,272.79736328125,277.258941650391,0,2024-12-26
-1.55895042419434,-1.12055969238281,274.669158935547,277.814056396484,8.0108642578125e-05,2024-12-27
-0.38191094994545,0.701635360717773,282.852996826172,283.542236328125,0.000437875598436221,2024-12-28
-0.680423736572266,5.01446342468262,287.332244873047,288.86572265625,0.000489910424221307,2024-12-29
2.35850834846497,0.801814377307892,280.256225585938,284.681854248047,1.9868214451435e-07,2024-12-30
0.828669846057892,3.1605384349823,280.613677978516,283.451416015625,6.63797036395408e-05,2024-12-31
