"allDates","month_num","window_num","julianDate","year","julianWeek","windMPH","RelativeHumidity","tempF","precip_cm","rainDay","afterRain"
"2021-06-02",6,3,153,2021,22,4.71264683700837,94.4324008819563,70.2010998535155,0.0630080699920654,TRUE,FALSE
"2021-06-03",6,3,154,2021,22,5.51380969868172,98.4723571201364,71.3492810058596,0.0286698341369629,TRUE,FALSE
"2021-06-04",6,3,155,2021,22,4.66517873676884,95.0224104717923,75.307490234375,0.0165343284606934,TRUE,FALSE
"2021-06-05",6,3,156,2021,22,2.84921219858364,91.7319742599291,76.5368054199212,0.00100135803222656,TRUE,FALSE
"2021-06-06",6,3,157,2021,22,5.33935924511982,94.6658324481844,77.3077160644539,0.00283916797343409,TRUE,FALSE
"2021-06-07",6,3,158,2021,23,5.22522601290829,94.8556293451027,77.2655834960942,0.00719229356036521,TRUE,FALSE
"2021-06-08",6,3,159,2021,23,6.20772292898842,95.5094473603186,76.3594311523442,0.00784397125244141,TRUE,FALSE
"2021-06-09",6,3,160,2021,23,4.98008541808676,94.9811253092329,78.1354260253905,0.0101725257991347,TRUE,FALSE
"2021-06-10",6,3,161,2021,23,4.19351785354379,96.8112430419226,75.8212658691405,0.0813106715213507,TRUE,FALSE
"2021-06-11",6,3,162,2021,23,3.77825181127517,95.6637271544339,76.9216564941405,0.0296135753160343,TRUE,FALSE
"2021-06-12",6,3,163,2021,23,5.39137390498894,97.6086586575529,71.9757214355462,0.0176608562469482,TRUE,FALSE
"2021-06-13",6,3,164,2021,23,3.20014831516934,93.3722274206488,74.5386669921885,0.00182986259460449,TRUE,FALSE
"2021-06-14",6,3,165,2021,24,3.07632949172661,94.0268044719997,76.7470837402346,0.0027775764465332,TRUE,FALSE
"2021-06-15",6,3,166,2021,24,4.23552217228721,87.1505014671253,77.3881909179692,0,FALSE,TRUE
"2021-06-16",6,3,167,2021,24,4.77443962640664,84.0890088798675,74.1409069824212,0,FALSE,FALSE
"2021-06-17",6,3,168,2021,24,3.66006006184947,81.2735466749959,71.9766552734385,0,FALSE,FALSE
"2021-06-18",6,3,169,2021,24,5.43029770560719,86.027905420949,73.9341442871096,0,FALSE,FALSE
"2021-06-19",6,3,170,2021,24,8.02528915119774,86.4591198283755,81.1519970703116,0,FALSE,FALSE
"2021-06-20",6,3,171,2021,24,4.86308113065322,95.2067432450369,74.7518017578116,0.0425120204454288,TRUE,FALSE
"2021-06-21",6,3,172,2021,25,7.06506348950165,91.6206089739356,80.8896984863289,0.000264247250925109,TRUE,FALSE
"2021-06-22",6,3,173,2021,25,4.08587270964158,95.5172242325208,74.0558728027346,0.0587503134738654,TRUE,FALSE
"2021-06-23",6,3,174,2021,25,4.62708407839344,92.8024922746944,68.7827099609385,0.00990033149719238,TRUE,FALSE
"2021-06-24",6,3,175,2021,25,4.78157817431257,89.3139700296957,68.58341796875,0,FALSE,TRUE
"2021-06-25",6,3,176,2021,25,3.68009959393005,93.014240437317,68.464326171875,1.9868214451435e-05,TRUE,FALSE
"2021-06-26",6,3,177,2021,25,4.86986581177541,94.9897749280128,76.2262219238289,0.00796715394244529,TRUE,FALSE
"2021-06-27",6,3,178,2021,25,4.30161657364644,93.7824922019632,77.8450573730462,0.00139474868774414,TRUE,FALSE
"2021-06-28",6,3,179,2021,26,5.10260506291794,91.6758544583079,79.2490551757809,0.000633796071269899,TRUE,FALSE
"2021-06-29",6,3,180,2021,26,4.5443425106284,91.4044020328742,79.6694470214846,0.000103314721400238,TRUE,FALSE
"2021-06-30",6,3,181,2021,26,5.97518431278578,91.180573384721,81.3454113769539,0.00131130218505859,TRUE,FALSE
"2022-01-15",1,1,15,2022,2,5.06517092475511,89.7346988669689,35.0455090332039,0.000377496075998351,TRUE,FALSE
"2022-01-16",1,1,16,2022,2,7.82375565392569,94.8128168742362,28.4448681640616,0.131390488240868,TRUE,FALSE
"2022-01-17",1,1,17,2022,3,11.7813095894048,91.2507264610404,34.5447521972655,0.000798702239990234,TRUE,FALSE
"2022-01-18",1,1,18,2022,3,5.20884233999465,88.1977296149084,35.7583020019539,0,FALSE,TRUE
"2022-01-19",1,1,19,2022,3,7.53919633742415,87.8423914617173,41.4275769042962,0,FALSE,FALSE
"2022-01-20",1,1,20,2022,3,1.58306283563931,94.6542632214903,42.927705078125,0.037262836121954,TRUE,FALSE
"2022-01-21",1,1,21,2022,3,9.25473198552672,89.8440292487114,28.843232421875,0.00993410722003318,TRUE,FALSE
"2022-01-22",1,1,22,2022,3,4.51573027001702,89.0666918700124,25.4022595214846,0.00438094139099121,TRUE,FALSE
"2022-01-23",1,1,23,2022,3,5.45644942375452,90.0687097468399,31.7554333496096,0,FALSE,TRUE
"2022-01-24",1,1,24,2022,4,2.40738360448127,88.6318390230316,39.5184826660155,0,FALSE,FALSE
"2022-01-25",1,1,25,2022,4,2.2197185889378,89.9584635581908,44.6874951171885,0.000266234087575867,TRUE,FALSE
"2022-01-26",1,1,26,2022,4,7.34325933327632,86.7919608109525,36.6772534179692,7.35123933282011e-05,TRUE,FALSE
"2022-01-27",1,1,27,2022,4,2.53237700817279,88.0386427207186,30.0442028808596,0,FALSE,TRUE
"2022-01-28",1,1,28,2022,4,1.47891101746113,91.0587037419321,35.3187390136712,0.0028570493668667,TRUE,FALSE
"2022-01-29",1,1,29,2022,4,11.0367904294805,86.1497837483705,30.8051708984385,0.0106175742985215,TRUE,FALSE
"2022-01-30",1,1,30,2022,4,2.93838045676536,82.1020038925509,29.3129528808596,0,FALSE,TRUE
"2022-01-31",1,1,31,2022,5,4.03183384633429,86.8737721945205,34.8872509765616,0,FALSE,FALSE
"2022-02-01",2,1,32,2022,5,4.39426437961166,91.5545256956033,36.5220715332039,0,FALSE,FALSE
"2022-02-02",2,1,33,2022,5,3.82036033230321,89.965818166845,40.5552624511712,1.19209289550781e-05,TRUE,FALSE
"2022-02-03",2,1,34,2022,5,5.76650635102861,97.0326921348079,51.8938122558596,0.0371595233445987,TRUE,FALSE
"2022-02-04",2,1,35,2022,5,9.5661525604606,96.6707233569591,61.420771484375,0.0587284564971924,TRUE,FALSE
"2022-02-05",2,1,36,2022,5,7.84326207339756,85.114095745621,36.5092724609385,3.97364310344983e-06,TRUE,FALSE
"2022-02-06",2,1,37,2022,5,5.00925676391476,87.0412448510147,30.9883129882809,3.97364310344983e-06,TRUE,FALSE
"2022-02-07",2,1,38,2022,6,5.67624070131978,97.7221185998504,32.6716931152346,0.0519712746609002,TRUE,FALSE
"2022-02-08",2,1,39,2022,6,4.6678275067927,93.4018537275242,39.2454724121096,0,FALSE,TRUE
"2022-02-09",2,1,40,2022,6,4.80299509511905,88.0224327134138,42.1842053222655,0,FALSE,FALSE
"2022-02-10",2,1,41,2022,6,7.84961256731452,82.8136548829372,49.4059582519539,0,FALSE,FALSE
"2022-02-11",2,1,42,2022,6,7.09611656762047,82.8932653874278,51.4222790527346,0,FALSE,FALSE
"2022-02-12",2,1,43,2022,6,6.82603796865793,84.0275696897835,56.4992260742192,0.000653664255878539,TRUE,FALSE
"2022-02-13",2,1,44,2022,6,6.72546964831034,93.0177405488865,42.4840771484385,0.00826716423034668,TRUE,FALSE
"2022-02-14",2,1,45,2022,7,4.19092608991879,88.3972451090814,34.8041394042962,3.57627868652344e-05,TRUE,FALSE
"2022-02-15",2,1,46,2022,7,3.42057029912063,85.9697320572051,36.0040112304692,0,FALSE,TRUE
"2022-02-16",2,1,47,2022,7,6.98537029661264,88.9812171853697,46.3538464355462,7.94728620689966e-06,TRUE,FALSE
"2022-02-17",2,1,48,2022,7,11.3106585218821,89.6820252569996,61.7574475097655,0.000735123967388063,TRUE,FALSE
"2022-02-18",2,1,49,2022,7,5.87109295951456,88.9906633047288,57.6722912597655,0.024153788399417,TRUE,FALSE
"2022-02-19",2,1,50,2022,7,5.95135275529962,81.6520079139908,40.5308728027346,0,FALSE,TRUE
"2022-02-20",2,1,51,2022,7,2.23082442340281,78.8938160742234,38.1557385253905,0,FALSE,FALSE
"2022-02-21",2,1,52,2022,8,4.39966944212441,90.2995572043997,48.8975659179692,3.77496093051377e-05,TRUE,FALSE
"2022-02-22",2,1,53,2022,8,9.07624872872196,94.9851927004921,62.2512829589846,0.00563065223104786,TRUE,FALSE
"2022-02-23",2,1,54,2022,8,5.4966894642019,96.3705524745233,62.5235241699212,0.0633994757663459,TRUE,FALSE
"2022-02-24",2,1,55,2022,8,5.77074937612096,96.9184631371834,48.1866955566405,0.0255783408647403,TRUE,FALSE
"2022-02-25",2,1,56,2022,8,2.87194966987679,94.091249756205,51.2806103515616,0.000242392229665711,TRUE,FALSE
"2022-02-26",2,1,57,2022,8,4.99279653887576,89.731844316348,44.0331494140616,0.000842412282509031,TRUE,FALSE
"2022-02-27",2,1,58,2022,8,3.22876627900359,97.6435489243142,41.9152600097655,0.0292638927930966,TRUE,FALSE
"2022-02-28",2,1,59,2022,9,2.2653718851045,86.4718207400668,44.6684338378905,0,FALSE,TRUE
"2022-03-15",3,2,74,2022,11,5.09568535659246,86.39331410173,53.6174572753905,0,FALSE,FALSE
"2022-03-16",3,2,75,2022,11,3.05179918580411,92.739261909136,56.1747998046885,0.0737567723263055,TRUE,FALSE
"2022-03-17",3,2,76,2022,11,4.20252857443991,94.6082123064313,59.8974072265616,0.129779183771461,TRUE,FALSE
"2022-03-18",3,2,77,2022,11,5.84379948355469,90.3515375004641,62.5607678222655,0.00335971526510548,TRUE,FALSE
"2022-03-19",3,2,78,2022,11,11.809863779915,89.0331072837163,66.8951489257809,0.00911951065063477,TRUE,FALSE
"2022-03-20",3,2,79,2022,11,9.4970361435887,80.9456221441851,57.1033093261712,0,FALSE,TRUE
"2022-03-21",3,2,80,2022,12,2.636485657073,82.8747705560164,54.4470349121096,0,FALSE,FALSE
"2022-03-22",3,2,81,2022,12,5.96366823986334,85.1437632873243,58.9331372070309,0,FALSE,FALSE
"2022-03-23",3,2,82,2022,12,9.30476148004642,95.0044994519079,63.1036022949212,0.0183304146048613,TRUE,FALSE
"2022-03-24",3,2,83,2022,12,8.42547834780842,92.0512961802542,66.7063488769539,0.00482400246255565,TRUE,FALSE
"2022-03-25",3,2,84,2022,12,7.47869567815074,82.5861787909356,58.3051037597655,0.000145037972743012,TRUE,FALSE
"2022-03-26",3,2,85,2022,12,9.87281765082627,81.1892519337429,50.5118969726559,0.00102519989013672,TRUE,FALSE
"2022-03-27",3,2,86,2022,12,7.88661549452553,78.5701802666839,45.7094982910155,0,FALSE,TRUE
"2022-03-28",3,2,87,2022,13,6.74619501202741,77.5074688175731,44.2006909179692,0,FALSE,FALSE
"2022-03-29",3,2,88,2022,13,2.00651772542504,79.0037514902066,43.2442761230462,0.000131130218505859,TRUE,FALSE
"2022-03-30",3,2,89,2022,13,7.14184043420328,87.9268398597598,54.3472790527346,0.000989437103271484,TRUE,FALSE
"2022-03-31",3,2,90,2022,13,14.1227606670708,94.0161661578755,67.9854870605462,0.121629238128662,TRUE,FALSE
"2022-04-01",4,2,91,2022,13,8.14486063797816,81.5917002287505,59.4338391113289,0,FALSE,TRUE
"2022-04-02",4,2,92,2022,13,0.906040704258982,83.3375149669474,50.6168713378905,0,FALSE,FALSE
"2022-04-03",4,2,93,2022,13,6.08127782217039,80.8321921886134,56.2935070800789,0,FALSE,FALSE
"2022-04-04",4,2,94,2022,14,2.36386010607979,83.7602535874914,52.2040112304692,0,FALSE,FALSE
"2022-04-05",4,2,95,2022,14,7.07389809743498,93.4860810005471,59.3428173828116,0.126286351587623,TRUE,FALSE
"2022-04-06",4,2,96,2022,14,6.56065223141341,91.176374688306,68.6694958496096,0.0107049942016602,TRUE,FALSE
"2022-04-07",4,2,97,2022,14,3.59567430956717,95.4644540696309,63.8876965332039,0.0458061695098877,TRUE,FALSE
"2022-04-08",4,2,98,2022,14,5.70555456451156,84.3645372537895,55.1401623535155,0.00160336494445801,TRUE,FALSE
"2022-04-09",4,2,99,2022,14,8.54633994079534,84.7356337399468,47.6052990722655,0.000947713851928711,TRUE,FALSE
"2022-04-10",4,2,100,2022,14,7.50527560689903,83.4592760821849,49.661884765625,0,FALSE,TRUE
"2022-04-11",4,2,101,2022,15,6.8986818358076,83.6323861838407,62.0813244628905,0,FALSE,FALSE
"2022-04-12",4,2,102,2022,15,7.09782297841732,86.3124521769815,68.8971875,0.0015834966688999,TRUE,FALSE
"2022-04-13",4,2,103,2022,15,8.66244338935728,89.0653492718512,70.2754223632809,0,FALSE,TRUE
"2022-04-14",4,2,104,2022,15,6.79046955531024,88.608787950575,70.0194958496096,0.00249942149821436,TRUE,FALSE
"2022-04-15",4,2,105,2022,15,2.26184118201128,76.4247071970623,62.3647717285155,0,FALSE,TRUE
"2022-04-16",4,2,106,2022,15,6.91633334103955,90.0302145577278,61.6477490234385,0.0157376125571318,TRUE,FALSE
"2022-04-17",4,2,107,2022,15,3.77403286558749,85.9931008447469,64.6063671875,0,FALSE,TRUE
"2022-04-18",4,2,108,2022,16,6.77343994045837,95.2930233585633,45.7248791503905,0.142765045166016,TRUE,FALSE
"2022-04-19",4,2,109,2022,16,8.0544806204481,85.1316120976957,47.788935546875,0,FALSE,TRUE
"2022-04-20",4,2,110,2022,16,2.01348175310477,85.3405770113909,50.00509765625,0,FALSE,FALSE
"2022-04-21",4,2,111,2022,16,5.03868543359918,88.7969821558997,58.8374462890616,0,FALSE,FALSE
"2022-04-22",4,2,112,2022,16,0.858700914824014,88.5182713987203,67.7376354980462,0,FALSE,FALSE
"2022-04-23",4,2,113,2022,16,5.67224120512918,89.0681616221868,69.6159130859385,4.76837158203125e-05,TRUE,FALSE
"2022-04-24",4,2,114,2022,16,7.29691876679503,87.8060413887495,71.4661755371096,0,FALSE,TRUE
"2022-04-25",4,2,115,2022,17,6.72452681085109,87.3126660622515,71.8294384765616,0,FALSE,FALSE
"2022-04-26",4,2,116,2022,17,5.46756253751228,89.635304467285,69.9245739746096,0.0032405059755547,TRUE,FALSE
"2022-04-27",4,2,117,2022,17,8.73326358477689,80.5095331748673,59.4607556152346,0,FALSE,TRUE
"2022-04-28",4,2,118,2022,17,5.42895631740977,80.7431192238621,58.290986328125,0,FALSE,FALSE
"2022-04-29",4,2,119,2022,17,3.86327320877534,83.5112970890333,58.4437512207039,3.97364310344983e-06,TRUE,FALSE
"2022-04-30",4,2,120,2022,17,1.0286727395466,90.6147512501133,62.3490612792962,0.00938177108764648,TRUE,FALSE
"2022-05-15",5,3,135,2022,19,3.77082792815544,92.4627076688055,71.8341076660155,0.00432332344644237,TRUE,FALSE
"2022-05-16",5,3,136,2022,20,4.87734883695557,90.4402385903721,74.0275830078116,0.0072439514042344,TRUE,FALSE
"2022-05-17",5,3,137,2022,20,4.65627598385703,83.1163810150837,70.6013317871096,0,FALSE,TRUE
"2022-05-18",5,3,138,2022,20,3.36905889144063,83.6071593047932,73.0823742675789,0,FALSE,FALSE
"2022-05-19",5,3,139,2022,20,6.2268708308073,85.4809527370374,79.6648327636712,0.00656445845379494,TRUE,FALSE
"2022-05-20",5,3,140,2022,20,7.6908126212848,86.1246032235856,81.1671032714846,0.000625848770141602,TRUE,FALSE
"2022-05-21",5,3,141,2022,20,6.51801343121852,91.753394661774,77.9289929199212,0.0517706095706671,TRUE,FALSE
"2022-05-22",5,3,142,2022,20,6.48110023269495,93.7477898223469,75.2661267089846,0.00977516174316406,TRUE,FALSE
"2022-05-23",5,3,143,2022,21,1.9006500804223,95.3297611277362,71.4865002441405,0.0898559868801385,TRUE,FALSE
"2022-05-24",5,3,144,2022,21,2.61737261533007,97.1471629599816,65.9822399902346,0.0454525143140927,TRUE,FALSE
"2022-05-25",5,3,145,2022,21,5.58765132343807,96.0357857868582,62.8145520019539,0.000101327896118164,TRUE,FALSE
"2022-05-26",5,3,146,2022,21,4.22587086770704,95.5346294532398,67.7967419433596,0.00229080524150049,TRUE,FALSE
"2022-05-27",5,3,147,2022,21,8.40821589382227,95.4101518049453,72.8714367675789,0.0518620014190674,TRUE,FALSE
"2022-05-28",5,3,148,2022,21,2.21865824989656,90.9473973105312,70.6170422363289,0.000212589907278016,TRUE,FALSE
"2022-05-29",5,3,149,2022,21,2.56359482858023,90.6220310294042,73.0902294921885,1.3907749973896e-05,TRUE,FALSE
"2022-05-30",5,3,150,2022,22,2.72828525366062,91.6655925168581,76.6194226074212,0.00134309129862231,TRUE,FALSE
"2022-05-31",5,3,151,2022,22,3.92615302681284,88.9105868298828,78.9453381347655,0,FALSE,TRUE
"2022-06-01",6,3,152,2022,22,2.67923218662967,89.1631507162845,80.2072277832039,0.00105698900370044,TRUE,FALSE
"2022-06-02",6,3,153,2022,22,4.32015549093345,89.5832303045476,80.3818005371096,0.000210603070627258,TRUE,FALSE
"2022-06-03",6,3,154,2022,22,4.60724943288595,89.8536230151061,74.3822216796885,2.38418579101562e-05,TRUE,FALSE
"2022-06-04",6,3,155,2022,22,4.86419801347677,83.8151954871079,73.2282727050789,0,FALSE,TRUE
"2022-06-05",6,3,156,2022,22,5.46346799802126,83.2783870624437,72.1016796875,0,FALSE,FALSE
"2022-06-06",6,3,157,2022,23,3.61654909311599,85.4542949098337,71.6656872558596,0,FALSE,FALSE
"2022-06-07",6,3,158,2022,23,5.29254480508598,89.7097883166354,74.9944348144539,0.000530481338500977,TRUE,FALSE
"2022-06-08",6,3,159,2022,23,4.03984549584237,91.8246505621072,78.2251293945309,0.0111063323856797,TRUE,FALSE
"2022-06-09",6,3,160,2022,23,5.02861116565902,86.3454372829399,80.0117810058596,2.38418579101562e-05,TRUE,FALSE
"2022-06-10",6,3,161,2022,23,3.05656728134071,84.8884566907007,72.8481457519539,0.000212589907278016,TRUE,FALSE
"2022-06-11",6,3,162,2022,23,2.64911197910472,88.4035760916541,73.8795971679692,0.00031391780339618,TRUE,FALSE
"2022-06-12",6,3,163,2022,23,3.92915911826794,92.2376428992879,78.359052734375,0.00243981685343897,TRUE,FALSE
"2022-06-13",6,3,164,2022,24,4.18281431745119,88.9593191025775,84.6728405761712,0.00012516975402832,TRUE,FALSE
"2022-06-14",6,3,165,2022,24,4.58838569819215,89.020562031024,83.799921875,0.00955661162151955,TRUE,FALSE
"2022-06-15",6,3,166,2022,24,3.53936331828227,90.5906817973323,83.7805310058596,0.000590085983276367,TRUE,FALSE
"2022-06-16",6,3,167,2022,24,5.30517930602882,90.8495737934039,82.1190686035155,0.0015536943465122,TRUE,FALSE
"2022-06-17",6,3,168,2022,24,7.83478817427444,87.7957403462239,82.9218395996096,0.00779430047259666,TRUE,FALSE
"2022-06-18",6,3,169,2022,24,8.20864131368,83.1332850161101,78.3618542480462,0,FALSE,TRUE
"2022-06-19",6,3,170,2022,24,5.73365013455439,77.4875962785599,70.5277233886712,0,FALSE,FALSE
"2022-06-20",6,3,171,2022,25,3.14203195424978,81.4177391418175,70.7692028808596,0,FALSE,FALSE
"2022-06-21",6,3,172,2022,25,1.79046594763252,83.5194899283906,75.3086437988289,0.000168879830653168,TRUE,FALSE
"2022-06-22",6,3,173,2022,25,3.94757106236745,81.8000486413313,82.2916638183596,2.7815499947792e-05,TRUE,FALSE
"2022-06-23",6,3,174,2022,25,2.98947214378502,88.8726668749984,80.652119140625,0.00209013614949072,TRUE,FALSE
"2022-06-24",6,3,175,2022,25,3.32525247323118,89.3387814914172,78.0191357421885,7.94728620689966e-06,TRUE,FALSE
"2022-06-25",6,3,176,2022,25,3.65110358479794,88.2899622576763,78.6565625,0.00185171757038916,TRUE,FALSE
"2022-06-26",6,3,177,2022,25,4.03638915987591,86.6767541496498,79.6802685546885,0.000303983688354492,TRUE,FALSE
"2022-06-27",6,3,178,2022,26,4.27622748298675,91.1048465731078,79.3578747558596,0.0027775764465332,TRUE,FALSE
"2022-06-28",6,3,179,2022,26,3.92766481885053,82.8881631433287,77.1791760253905,0.000351667404174805,TRUE,FALSE
"2022-06-29",6,3,180,2022,26,3.94488818274907,91.9251778344529,75.9346447753905,0.00976324081420898,TRUE,FALSE
"2022-06-30",6,3,181,2022,26,3.1279136277763,90.0164169308915,79.1396862792962,7.35123933282011e-05,TRUE,FALSE
"2023-01-15",1,1,15,2023,2,6.94921409277284,83.9725669160742,36.1541943359385,0,FALSE,TRUE
"2023-01-16",1,1,16,2023,3,2.22765953281578,84.8031074469842,39.5902233886712,0,FALSE,FALSE
"2023-01-17",1,1,17,2023,3,7.97568382024224,92.6968061674014,48.07765625,0.0300824642181396,TRUE,FALSE
"2023-01-18",1,1,18,2023,3,6.21805086120257,93.9202056320201,55.3338513183596,3.77496093051377e-05,TRUE,FALSE
"2023-01-19",1,1,19,2023,3,10.413936618301,95.2883675452016,59.4049450683596,0.00279347095784033,TRUE,FALSE
"2023-01-20",1,1,20,2023,3,8.30680301048208,83.5040631253054,53.2218395996096,0,FALSE,TRUE
"2023-01-21",1,1,21,2023,3,4.01122215899094,88.1715532538244,40.0579113769539,0,FALSE,FALSE
"2023-01-22",1,1,22,2023,3,2.25105019311877,96.4025350008414,39.0725476074212,0.0765283883083612,TRUE,FALSE
"2023-01-23",1,1,23,2023,4,7.66456124750071,91.2661575479664,43.9944226074212,0.00944336279644631,TRUE,FALSE
"2023-01-24",1,1,24,2023,4,3.26840406926744,88.5199635256232,39.5339733886712,0,FALSE,TRUE
"2023-01-25",1,1,25,2023,4,5.27515220160346,96.0431850472403,47.1786999511712,0.0787715136539191,TRUE,FALSE
"2023-01-26",1,1,26,2023,4,8.68736880131893,89.1664786906257,46.3720837402346,0.00219345092773438,TRUE,FALSE
"2023-01-27",1,1,27,2023,4,5.62144371423254,86.8130164410441,38.6520458984385,0,FALSE,TRUE
"2023-01-28",1,1,28,2023,4,5.30441188472649,85.1718560232363,43.7177868652346,0,FALSE,FALSE
"2023-01-29",1,1,29,2023,4,4.69745480915572,90.2726199465312,45.3027844238289,0.0082512699009385,TRUE,FALSE
"2023-01-30",1,1,30,2023,5,1.62101527383905,96.4861199173425,51.9737927246096,0.0239829227211885,TRUE,FALSE
"2023-01-31",1,1,31,2023,5,3.52649719984749,98.4797167361533,53.840205078125,0.0161747142556123,TRUE,FALSE
"2023-02-01",2,1,32,2023,5,5.7041378420479,97.8187733166031,42.7064953613289,0.0200867652893066,TRUE,FALSE
"2023-02-02",2,1,33,2023,5,0.979227492152864,98.7583379060789,39.8904797363289,0.0326136738294736,TRUE,FALSE
"2023-02-03",2,1,34,2023,5,8.07499589786299,86.3469804862351,41.31271484375,0.00246365871134913,TRUE,FALSE
"2023-02-04",2,1,35,2023,5,1.79704158882232,82.3745940975642,30.8739453125,0,FALSE,TRUE
"2023-02-05",2,1,36,2023,5,6.2588372950829,87.7428952923856,41.3884655761712,0,FALSE,FALSE
"2023-02-06",2,1,37,2023,6,5.88102997793605,86.9626435116008,49.5074169921885,0,FALSE,FALSE
"2023-02-07",2,1,38,2023,6,2.86497471679725,87.6099538488502,47.2919140625,0,FALSE,FALSE
"2023-02-08",2,1,39,2023,6,5.23139509090883,86.5302503836088,56.9680676269539,0,FALSE,FALSE
"2023-02-09",2,1,40,2023,6,9.68749702014453,91.7250395426605,61.7936474609385,0.000166893005371094,TRUE,FALSE
"2023-02-10",2,1,41,2023,6,4.89919471366062,86.5442834226788,63.7932141113289,0.00551144294149708,TRUE,FALSE
"2023-02-11",2,1,42,2023,6,6.20867678605367,82.4921940717329,51.27072265625,0.0101367630122695,TRUE,FALSE
"2023-02-12",2,1,43,2023,6,9.79603078658248,98.2822396105011,39.1869152832039,0.146029388997704,TRUE,FALSE
"2023-02-13",2,1,44,2023,7,7.38503631581247,84.7038984130327,49.6929211425789,0.00343521423928905,TRUE,FALSE
"2023-02-14",2,1,45,2023,7,1.65059645278989,81.3553510560229,52.9259228515616,0,FALSE,TRUE
"2023-02-15",2,1,46,2023,7,7.6204214054835,87.6228107850458,57.3075451660155,0.000301996874441102,TRUE,FALSE
"2023-02-16",2,1,47,2023,7,9.05839471656714,92.621910047505,62.9546826171885,0.00104506807474536,TRUE,FALSE
"2023-02-17",2,1,48,2023,7,7.5052991698163,93.4542202124987,57.9671643066405,0.0421623379224911,TRUE,FALSE
"2023-02-18",2,1,49,2023,7,3.21068254787122,85.4447445790385,39.0700756835942,0,FALSE,TRUE
"2023-02-19",2,1,50,2023,7,7.07140534141838,89.6449532614202,46.4816174316405,2.58286803500596e-05,TRUE,FALSE
"2023-02-20",2,1,51,2023,8,5.62429307352221,91.2746202746575,53.9877514648442,0.00240405406657374,TRUE,FALSE
"2023-02-21",2,1,52,2023,8,7.98028737041995,87.1239470284856,61.096015625,0.000403324747821898,TRUE,FALSE
"2023-02-22",2,1,53,2023,8,5.29535902532568,89.5938652434958,61.1414990234385,0.000222523999582336,TRUE,FALSE
"2023-02-23",2,1,54,2023,8,10.4611660212941,91.6453483004394,71.3809216308596,0.00343918800354004,TRUE,FALSE
"2023-02-24",2,1,55,2023,8,5.94876951811268,79.8162337381325,65.0233532714846,4.96705354180449e-05,TRUE,FALSE
"2023-02-25",2,1,56,2023,8,2.8371628835711,90.5962174555531,47.4957653808596,0.0149567917105742,TRUE,FALSE
"2023-02-26",2,1,57,2023,8,3.200469839059,97.6005622430534,49.315595703125,0,FALSE,TRUE
"2023-02-27",2,1,58,2023,9,3.84679808570691,93.3188191944912,55.6307568359385,0.00711480752215721,TRUE,FALSE
"2023-02-28",2,1,59,2023,9,7.67564153534387,84.624847102639,66.2448681640616,0,FALSE,TRUE
"2023-03-15",3,2,74,2023,11,8.79593270239368,78.6231298315457,41.4050549316405,0,FALSE,FALSE
"2023-03-16",3,2,75,2023,11,3.70615595776956,79.3985430427938,48.2065808105462,0,FALSE,FALSE
"2023-03-17",3,2,76,2023,11,11.9260220607761,89.5513464892022,57.6227429199212,0.0435968249803409,TRUE,FALSE
"2023-03-18",3,2,77,2023,11,6.96821330804681,85.4019881139293,51.0429211425789,0.00617106779827736,TRUE,FALSE
"2023-03-19",3,2,78,2023,11,7.02427673928602,80.2890469642942,41.1822521972655,0,FALSE,TRUE
"2023-03-20",3,2,79,2023,12,4.59085745041166,80.5951885402818,38.5612438964846,0,FALSE,FALSE
"2023-03-21",3,2,80,2023,12,2.63453227637244,79.6564694563562,45.1294750976559,0,FALSE,FALSE
"2023-03-22",3,2,81,2023,12,4.66485174482063,88.3792290383646,51.1661877441405,0.00562866516702343,TRUE,FALSE
"2023-03-23",3,2,82,2023,12,9.92944333530031,90.9887673395809,63.1834729003905,1.78813934326172e-05,TRUE,FALSE
"2023-03-24",3,2,83,2023,12,8.5132539146068,87.2361555011207,71.4475537109385,0,FALSE,TRUE
"2023-03-25",3,2,84,2023,12,8.98840592119848,90.3665295480601,67.2417126464846,0.000661611557006836,TRUE,FALSE
"2023-03-26",3,2,85,2023,12,1.00341013377644,89.6429530006944,62.6436596679692,0.0145773097756319,TRUE,FALSE
"2023-03-27",3,2,86,2023,13,5.04741720501586,93.6930588389429,65.9092907714846,0.0359455734724179,TRUE,FALSE
"2023-03-28",3,2,87,2023,13,4.83124158025374,88.1385911250566,58.3144970703116,0.0278433173662052,TRUE,FALSE
"2023-03-29",3,2,88,2023,13,2.33795862420107,90.2488731261967,50.4654797363289,0.00254710521403467,TRUE,FALSE
"2023-03-30",3,2,89,2023,13,0.0383190857151526,83.5365643414085,53.4857312011712,0,FALSE,TRUE
"2023-03-31",3,2,90,2023,13,7.8977724322103,92.1093771586615,57.7988537597655,0.00733733177185059,TRUE,FALSE
"2023-04-01",4,2,91,2023,13,13.9907448620598,89.0567082265593,68.3428723144539,0.0119606651423965,TRUE,FALSE
"2023-04-02",4,2,92,2023,13,4.84220813214117,83.4884129233261,55.134833984375,0,FALSE,TRUE
"2023-04-03",4,2,93,2023,14,6.03787318756222,91.1018498264683,57.006025390625,0.00112255411295337,TRUE,FALSE
"2023-04-04",4,2,94,2023,14,4.04152318486897,89.4148295378538,68.7907849121096,3.97364310344983e-06,TRUE,FALSE
"2023-04-05",4,2,95,2023,14,7.29162470122268,90.372267719206,73.4401989746096,0.000180800759608246,TRUE,FALSE
"2023-04-06",4,2,96,2023,14,6.27244765881296,93.1490410716752,73.1958630371096,0.0615199387539178,TRUE,FALSE
"2023-04-07",4,2,97,2023,14,9.14216097433829,98.3062514187454,52.7625012207039,0.107161200139672,TRUE,FALSE
"2023-04-08",4,2,98,2023,14,7.89595245160575,97.2989903867447,43.4275830078116,0.0838696956634521,TRUE,FALSE
"2023-04-09",4,2,99,2023,14,8.55262366273464,86.4861790077531,49.030830078125,0.00152587890625,TRUE,FALSE
"2023-04-10",4,2,100,2023,15,4.34746644434919,83.6045794822993,50.3831921386712,0,FALSE,TRUE
"2023-04-11",4,2,101,2023,15,3.86011173857256,83.9416742705118,55.4019116210942,0,FALSE,FALSE
"2023-04-12",4,2,102,2023,15,5.85518366745824,80.1992231649965,64.687666015625,0,FALSE,FALSE
"2023-04-13",4,2,103,2023,15,5.28130770048985,83.4099713818092,66.6510327148442,0,FALSE,FALSE
"2023-04-14",4,2,104,2023,15,3.07329130940715,95.914784507139,64.8422436523442,0.0395496696000919,TRUE,FALSE
"2023-04-15",4,2,105,2023,15,5.64095401311125,92.1710035143878,67.613984375,0.00244975090026855,TRUE,FALSE
"2023-04-16",4,2,106,2023,15,6.20673792667548,92.5931659660834,67.4835217285155,0.00366568565368652,TRUE,FALSE
"2023-04-17",4,2,107,2023,16,8.34910002419877,81.9991522179903,61.9868420410155,8.34465026855469e-05,TRUE,FALSE
"2023-04-18",4,2,108,2023,16,7.76418387254646,77.8622998591451,62.6224560546885,0,FALSE,TRUE
"2023-04-19",4,2,109,2023,16,4.13670172054578,81.147389678072,68.7294812011712,0,FALSE,FALSE
"2023-04-20",4,2,110,2023,16,5.91636957630955,81.7379921926613,72.0513073730462,0,FALSE,FALSE
"2023-04-21",4,2,111,2023,16,7.04866054945108,83.6950066347665,71.2915478515616,0,FALSE,FALSE
"2023-04-22",4,2,112,2023,16,3.81275981854696,93.3707734166663,62.9340832519539,0.0576774298679084,TRUE,FALSE
"2023-04-23",4,2,113,2023,16,4.47092437382601,86.2328570360758,58.5012097167962,1.78813934326172e-05,TRUE,FALSE
"2023-04-24",4,2,114,2023,17,3.43852709957324,81.9564088740265,56.2550549316405,0,FALSE,TRUE
"2023-04-25",4,2,115,2023,17,2.97758044396065,84.7685644397057,54.6870861816405,0.000594059611103148,TRUE,FALSE
"2023-04-26",4,2,116,2023,17,3.09213230524866,89.8145115891767,57.177412109375,0.00233252849284327,TRUE,FALSE
"2023-04-27",4,2,117,2023,17,4.65771846497426,96.3011686346624,58.4606701660155,0.053781270980835,TRUE,FALSE
"2023-04-28",4,2,118,2023,17,1.54082995510125,95.2930452564457,65.6202404785155,0.0884751498233527,TRUE,FALSE
"2023-04-29",4,2,119,2023,17,1.52981563637041,95.4716325733056,64.1662548828116,0.000814596842246829,TRUE,FALSE
"2023-04-30",4,2,120,2023,17,2.86226885595106,93.0414523552725,64.6766796875,0.0646313012111932,TRUE,FALSE
"2023-05-15",5,3,135,2023,20,4.08681377070014,86.8977034819557,68.2053234863289,0,FALSE,TRUE
"2023-05-16",5,3,136,2023,20,7.96893866827376,89.2785256308598,73.5226513671885,0.00312328338623047,TRUE,FALSE
"2023-05-17",5,3,137,2023,20,3.65800215060058,84.6061675923601,73.4331127929692,0.000333786010742188,TRUE,FALSE
"2023-05-18",5,3,138,2023,20,7.95298856329016,86.6165712673537,66.1839489746096,0,FALSE,TRUE
"2023-05-19",5,3,139,2023,20,6.20982409386528,92.660386467988,64.1159924316405,0.0173330307006836,TRUE,FALSE
"2023-05-20",5,3,140,2023,20,2.67838683346537,92.4976481622541,68.604951171875,0.00366767235391308,TRUE,FALSE
"2023-05-21",5,3,141,2023,20,3.50893585846724,89.5088975924973,69.8242138671885,0.00183979664143408,TRUE,FALSE
"2023-05-22",5,3,142,2023,21,4.88732877596887,84.5337207098923,69.0049633789059,0,FALSE,TRUE
"2023-05-23",5,3,143,2023,21,7.93357691521648,83.1715569276445,67.7505993652346,0,FALSE,FALSE
"2023-05-24",5,3,144,2023,21,6.15436251560916,79.0277170403149,66.0827648925789,0.000113248825073242,TRUE,FALSE
"2023-05-25",5,3,145,2023,21,7.13576600340219,86.3354616991617,64.8336193847655,3.97364310344983e-06,TRUE,FALSE
"2023-05-26",5,3,146,2023,21,9.44360162350472,84.2225813027343,62.9261730957039,0,FALSE,TRUE
"2023-05-27",5,3,147,2023,21,10.5085006864434,88.2608893212048,59.1999951171885,0.0318388134473935,TRUE,FALSE
"2023-05-28",5,3,148,2023,21,10.8129963665847,98.5630896354351,59.4131298828116,0.105547904968262,TRUE,FALSE
"2023-05-29",5,3,149,2023,22,2.73574204072697,97.9767407229333,66.3744519042962,0.0731368840206414,TRUE,FALSE
"2023-05-30",5,3,150,2023,22,6.47710770571287,97.2323570571376,66.2986462402346,0.00568230934732128,TRUE,FALSE
"2023-05-31",5,3,151,2023,22,4.62895342563589,94.7808765121911,67.6723217773442,0.00461538620584179,TRUE,FALSE
"2023-06-01",6,3,152,2023,22,5.04029699395265,93.7177844668516,68.7200329589846,0.00156561527546728,TRUE,FALSE
"2023-06-02",6,3,153,2023,22,5.23676996300602,90.0715432490673,73.2229992675789,7.94728620689966e-06,TRUE,FALSE
"2023-06-03",6,3,154,2023,22,3.90250903365334,89.3033541341203,73.7575939941405,0.00080863637776929,TRUE,FALSE
"2023-06-04",6,3,155,2023,22,5.80015862707962,93.1367043113858,65.3715100097655,8.94069671630859e-05,TRUE,FALSE
"2023-06-05",6,3,156,2023,23,1.43746131619557,90.6351081491762,68.7822705078116,3.77496093051377e-05,TRUE,FALSE
"2023-06-06",6,3,157,2023,23,4.38960441444937,88.3686067631662,71.9101330566405,0.0012675921425398,TRUE,FALSE
"2023-06-07",6,3,158,2023,23,5.53617910782859,94.0811963417628,64.5693981933596,0.0229100391152315,TRUE,FALSE
"2023-06-08",6,3,159,2023,23,5.99020001822072,85.2645695975631,66.4662426757809,0,FALSE,TRUE
"2023-06-09",6,3,160,2023,23,3.82388234361738,83.2950575282389,67.0631848144539,0,FALSE,FALSE
"2023-06-10",6,3,161,2023,23,3.91369115645016,84.3196210466764,70.5040478515616,0,FALSE,FALSE
"2023-06-11",6,3,162,2023,23,6.54623247063015,88.4928104832499,72.2100048828116,0.00605583190917969,TRUE,FALSE
"2023-06-12",6,3,163,2023,24,4.7678144387982,92.8755141659534,73.7083203125,0.0293652206892148,TRUE,FALSE
"2023-06-13",6,3,164,2023,24,2.64567161981015,88.228582113873,70.8547863769539,0.000762939453125,TRUE,FALSE
"2023-06-14",6,3,165,2023,24,8.5533798873282,85.3166991341308,73.0919323730462,1.98682155172492e-06,TRUE,FALSE
"2023-06-15",6,3,166,2023,24,4.26297860293806,87.683804703441,76.3623425292962,0.000115235650355316,TRUE,FALSE
"2023-06-16",6,3,167,2023,24,5.40363663298245,86.2378504979451,77.8186901855462,0.000107288360595703,TRUE,FALSE
"2023-06-17",6,3,168,2023,24,5.22596441253226,83.921569233015,74.2348950195309,0,FALSE,TRUE
"2023-06-18",6,3,169,2023,24,1.59503518988941,84.3049006655275,75.2353100585942,0,FALSE,FALSE
"2023-06-19",6,3,170,2023,25,5.43484026944812,93.9909660112412,74.1253063964846,0.102798140142113,TRUE,FALSE
"2023-06-20",6,3,171,2023,25,7.32891253022677,97.3100843895175,71.3991589355462,0.101109349634498,TRUE,FALSE
"2023-06-21",6,3,172,2023,25,9.29405319604521,97.8511650748645,66.8482373046885,0.0424345344072208,TRUE,FALSE
"2023-06-22",6,3,173,2023,25,4.39823725588671,98.0930971723038,68.24767578125,0.0672638416290283,TRUE,FALSE
"2023-06-23",6,3,174,2023,25,3.73052728369142,96.0865286992366,74.2428601074212,0.0380575656890869,TRUE,FALSE
"2023-06-24",6,3,175,2023,25,3.72219352584375,93.1677176420976,75.5894543457039,0.00031590461730957,TRUE,FALSE
"2023-06-25",6,3,176,2023,25,3.92760564802945,90.7129772311227,78.3069226074212,0.0013748805031355,TRUE,FALSE
"2023-06-26",6,3,177,2023,26,7.00104629403718,91.0208043544051,78.3334545898442,0.0351885944837704,TRUE,FALSE
"2023-06-27",6,3,178,2023,26,5.17792594819732,90.1588025390137,76.3698132324212,0.000311930966745422,TRUE,FALSE
"2023-06-28",6,3,179,2023,26,4.37298584160071,88.5496972911287,76.9530773925789,3.97364310344983e-06,TRUE,FALSE
"2023-06-29",6,3,180,2023,26,2.26515156777452,88.6075241219713,76.5074719238289,0,FALSE,TRUE
"2023-06-30",6,3,181,2023,26,3.97092271758768,92.4574657685545,77.0264111328116,0.0196476772543974,TRUE,FALSE
"2024-01-15",1,1,15,2024,3,4.23423010583682,89.21027118699,39.9532666015616,0.00121394796224195,TRUE,FALSE
"2024-01-16",1,1,16,2024,3,5.52460625181278,93.184725962721,33.53,0.0203986957785673,TRUE,FALSE
"2024-01-17",1,1,17,2024,3,5.76386402865171,82.2478703453048,26.9744580078116,0,FALSE,TRUE
"2024-01-18",1,1,18,2024,3,5.91225471195425,83.5387295722013,35.4234387207039,0,FALSE,FALSE
"2024-01-19",1,1,19,2024,3,8.61149284572963,84.8780556690218,40.8309643554692,0.000301996874441102,TRUE,FALSE
"2024-01-20",1,1,20,2024,3,10.6213358478566,81.045789665417,27.3930920410155,0,FALSE,TRUE
"2024-01-21",1,1,21,2024,3,6.53952491320062,82.8665902398283,26.55060546875,0,FALSE,FALSE
"2024-01-22",1,1,22,2024,4,3.30968785843369,84.5343282411862,32.3656689453116,0,FALSE,FALSE
"2024-01-23",1,1,23,2024,4,2.74605099917585,88.7499980373393,40.3212536621096,0.00418225936300587,TRUE,FALSE
"2024-01-24",1,1,24,2024,4,5.91447950760571,96.2686782759782,55.246455078125,0.000745058059692383,TRUE,FALSE
"2024-01-25",1,1,25,2024,4,7.72519587087332,99.4199197345601,63.9733349609385,0.0558376312255859,TRUE,FALSE
"2024-01-26",1,1,26,2024,4,7.84413459759374,96.2104616164904,66.9359631347655,0.00556707382202148,TRUE,FALSE
"2024-01-27",1,1,27,2024,4,3.0371124402629,96.3822056611886,57.7390881347655,0.0726322352420539,TRUE,FALSE
"2024-01-28",1,1,28,2024,4,5.83140056380507,93.2135181563535,55.6318005371096,0.023092825722415,TRUE,FALSE
"2024-01-29",1,1,29,2024,5,8.95906105809219,86.8626336829077,45.580244140625,0,FALSE,TRUE
"2024-01-30",1,1,30,2024,5,2.52517264284648,91.4885422393988,39.2426159667962,0.00322858504659962,TRUE,FALSE
"2024-01-31",1,1,31,2024,5,3.20533327313828,96.2870599188087,41.5010754394539,0.0137587383505888,TRUE,FALSE
"2024-02-01",2,1,32,2024,5,4.29930384610291,92.346841646173,41.9391552734385,0,FALSE,TRUE
"2024-02-02",2,1,33,2024,5,5.52317541105479,88.7113826809379,49.8687573242192,0,FALSE,FALSE
"2024-02-03",2,1,34,2024,5,3.86365690334802,90.880608728651,40.3470715332039,0,FALSE,FALSE
"2024-02-04",2,1,35,2024,5,4.01401772749819,89.8730553897792,39.9936962890616,0,FALSE,FALSE
"2024-02-05",2,1,36,2024,6,6.24285415531721,86.9449663832404,42.4033825683596,0,FALSE,FALSE
"2024-02-06",2,1,37,2024,6,8.34710917982158,86.7357425010344,40.6968762207039,0,FALSE,FALSE
"2024-02-07",2,1,38,2024,6,4.97535208437481,86.2423261560252,37.7629772949212,0,FALSE,FALSE
"2024-02-08",2,1,39,2024,6,4.35630189999949,88.2077447615752,40.403486328125,0,FALSE,FALSE
"2024-02-09",2,1,40,2024,6,7.16574726668334,89.2049335325422,49.3474011230462,0.00300407409667969,TRUE,FALSE
"2024-02-10",2,1,41,2024,6,7.75969736892874,93.7659193090289,58.2973034667962,0.0124017402413301,TRUE,FALSE
"2024-02-11",2,1,42,2024,6,0.865482704278043,98.8341677104755,56.1368420410155,0.0834842503536493,TRUE,FALSE
"2024-02-12",2,1,43,2024,7,2.79000555212328,99.1884674571793,55.337861328125,0.0553826510440558,TRUE,FALSE
"2024-02-13",2,1,44,2024,7,7.95457482614257,86.8732088366251,51.3454846191405,0.0147422149893828,TRUE,FALSE
"2024-02-14",2,1,45,2024,7,6.78547167999085,86.3300865864297,46.1818005371096,1.9868214451435e-05,TRUE,FALSE
"2024-02-15",2,1,46,2024,7,3.64442125832752,86.9658782866268,48.4602551269539,0,FALSE,TRUE
"2024-02-16",2,1,47,2024,7,2.1290143028732,84.6197181985289,49.9426403808596,0,FALSE,FALSE
"2024-02-17",2,1,48,2024,7,7.00991469578816,85.2525309827337,44.8303723144539,0,FALSE,FALSE
"2024-02-18",2,1,49,2024,7,3.43288331588113,85.1626873525206,35.4172314453116,0,FALSE,FALSE
"2024-02-19",2,1,50,2024,8,3.10852859525847,84.2431271613884,40.5383435058596,0,FALSE,FALSE
"2024-02-20",2,1,51,2024,8,4.20630716298663,88.6655612222551,39.7112927246096,0,FALSE,FALSE
"2024-02-21",2,1,52,2024,8,2.42164610718872,90.0079111151274,40.7446667480462,0,FALSE,FALSE
"2024-02-22",2,1,53,2024,8,8.93396204927931,85.25944875728,50.4596569824212,0.00208020210266113,TRUE,FALSE
"2024-02-23",2,1,54,2024,8,6.36467168105097,91.9496206023202,52.8166638183596,0.0174025699379854,TRUE,FALSE
"2024-02-24",2,1,55,2024,8,7.30002711107521,88.9685959236293,46.1659252929692,0.00691215172992088,TRUE,FALSE
"2024-02-25",2,1,56,2024,8,1.78600376528375,87.1679386991494,40.2004040527346,0,FALSE,TRUE
"2024-02-26",2,1,57,2024,9,8.53507214163986,84.1827519960647,53.5376416015616,0.000333786010742188,TRUE,FALSE
"2024-02-27",2,1,58,2024,9,10.6902066483536,92.5391354212044,54.4733471679692,0.0120262302516494,TRUE,FALSE
"2024-02-28",2,1,59,2024,9,12.5272987900354,91.4737937048533,61.6849377441405,0.0472962856292725,TRUE,FALSE
"2024-03-15",3,2,75,2024,11,7.98572755371726,91.3035382533246,63.254609375,0.020084778952878,TRUE,FALSE
"2024-03-16",3,2,76,2024,11,2.20321870197223,91.0791889510846,61.3231030273442,3.97364289028701e-05,TRUE,FALSE
"2024-03-17",3,2,77,2024,11,6.00078975317307,88.4986910229352,62.1080212402346,2.18550368913384e-05,TRUE,FALSE
"2024-03-18",3,2,78,2024,12,7.90401055455551,77.711516391447,52.8895581054692,7.94728620689966e-06,TRUE,FALSE
"2024-03-19",3,2,79,2024,12,6.449131157435,80.7888997858876,42.9558850097655,0,FALSE,TRUE
"2024-03-20",3,2,80,2024,12,8.8729584139881,78.5791123294809,54.9413647460942,0,FALSE,FALSE
"2024-03-21",3,2,81,2024,12,3.02746703117616,80.1210238255138,52.6780163574212,0,FALSE,FALSE
"2024-03-22",3,2,82,2024,12,5.65624402354212,94.3069669310728,50.9789807128905,0.0327666610246524,TRUE,FALSE
"2024-03-23",3,2,83,2024,12,7.33148940194004,93.6424018247948,56.2396740722655,0.0622828782070428,TRUE,FALSE
"2024-03-24",3,2,84,2024,12,8.55040547294407,84.2110886573453,43.3056896972655,0,FALSE,TRUE
"2024-03-25",3,2,85,2024,13,5.33756203070191,87.1810670286496,45.5997998046885,0,FALSE,FALSE
"2024-03-26",3,2,86,2024,13,5.3813805270497,88.8655132659964,48.678828125,0.00230669975280762,TRUE,FALSE
"2024-03-27",3,2,87,2024,13,3.88365735486753,97.7079894304226,49.9754345703116,0.180794799234718,TRUE,FALSE
"2024-03-28",3,2,88,2024,13,8.2041634261188,89.8652081751805,53.3551037597655,0.00180602073669434,TRUE,FALSE
"2024-03-29",3,2,89,2024,13,8.80630937492715,81.2980109084228,54.8660534667962,5.16573607001192e-05,TRUE,FALSE
"2024-03-30",3,2,90,2024,13,7.87403783674515,79.9171926584142,60.9943371582039,0,FALSE,TRUE
"2024-03-31",3,2,91,2024,13,7.1744224302681,84.3151192273135,66.8173107910155,2.7815499947792e-05,TRUE,FALSE
"2024-04-01",4,2,92,2024,14,7.51270185774127,89.971996852521,68.5150280761712,0,FALSE,TRUE
"2024-04-02",4,2,93,2024,14,8.46806716635954,91.355980465395,71.4983654785155,5.16573607001192e-05,TRUE,FALSE
"2024-04-03",4,2,94,2024,14,9.06081910239023,92.2265253228635,65.6618786621096,0.0663936138153076,TRUE,FALSE
"2024-04-04",4,2,95,2024,14,10.365122024673,84.5239366011447,49.8950695800789,0.00134706497192383,TRUE,FALSE
"2024-04-05",4,2,96,2024,14,7.91432115973842,85.2262718640672,48.2352551269539,0,FALSE,TRUE
"2024-04-06",4,2,97,2024,14,8.39281310410018,83.1797567040449,48.5616589355462,0,FALSE,FALSE
"2024-04-07",4,2,98,2024,14,2.23165282910331,86.4234440954514,50.5617199707039,0,FALSE,FALSE
"2024-04-08",4,2,99,2024,15,6.05857756954711,87.6692995176145,59.0445385742192,0.00428756065957714,TRUE,FALSE
"2024-04-09",4,2,100,2024,15,7.15896864612148,94.6983837107774,59.7878186035155,0.0143210098030977,TRUE,FALSE
"2024-04-10",4,2,101,2024,15,4.80393620980132,95.6696251328756,62.8330090332039,0.010440746700624,TRUE,FALSE
"2024-04-11",4,2,102,2024,15,11.9901964717905,96.5998859472769,66.3140270996096,0.0787675380706787,TRUE,FALSE
"2024-04-12",4,2,103,2024,15,12.7245970921855,86.2604366755078,60.9845593261712,0.00370939560525585,TRUE,FALSE
"2024-04-13",4,2,104,2024,15,10.5567737439937,82.5687284466405,59.0208630371096,0,FALSE,TRUE
"2024-04-14",4,2,105,2024,15,6.4406065356496,82.8611218022564,63.7780529785155,0,FALSE,FALSE
"2024-04-15",4,2,106,2024,16,7.57586535477616,82.8234949722146,72.1836926269539,0,FALSE,FALSE
"2024-04-16",4,2,107,2024,16,2.1502447877518,89.1213414923042,70.375068359375,0,FALSE,FALSE
"2024-04-17",4,2,108,2024,16,7.81327877993217,91.6708669706249,68.5307385253905,7.94728620689966e-06,TRUE,FALSE
"2024-04-18",4,2,109,2024,16,4.75793445342657,86.4834179626843,72.3089367675789,0,FALSE,TRUE
"2024-04-19",4,2,110,2024,16,3.7658626554868,94.0220015384332,65.60744140625,0.014263391494751,TRUE,FALSE
"2024-04-20",4,2,111,2024,16,3.46265938540743,92.637863554247,66.4381176757809,0.000393390655517578,TRUE,FALSE
"2024-04-21",4,2,112,2024,16,5.96030350663461,93.9295470657409,51.0819775390616,0.0467856734758243,TRUE,FALSE
"2024-04-22",4,2,113,2024,17,4.41454244648871,89.5270672835119,49.06466796875,0.000294049573312805,TRUE,FALSE
"2024-04-23",4,2,114,2024,17,6.47385350570526,86.8069225276256,54.5911206054692,0,FALSE,TRUE
"2024-04-24",4,2,115,2024,17,6.50033030999891,89.9814328132414,60.3365856933596,0.00684062615619041,TRUE,FALSE
"2024-04-25",4,2,116,2024,17,4.8388651199399,87.5564781692623,60.763349609375,0,FALSE,TRUE
"2024-04-26",4,2,117,2024,17,5.25589093248297,92.3445567194827,58.0442333984385,0.000143051147460938,TRUE,FALSE
"2024-04-27",4,2,118,2024,17,4.61420992094674,91.3874367659354,64.0156872558596,5.96046447753906e-06,TRUE,FALSE
"2024-04-28",4,2,119,2024,17,7.66713831218178,92.0344121866906,67.3670666503905,1.58945724137993e-05,TRUE,FALSE
"2024-04-29",4,2,120,2024,18,7.27547688005061,89.1233031144849,69.2173840332039,0,FALSE,TRUE
"2024-04-30",4,2,121,2024,18,8.17835737544148,91.1097630064614,68.9526684570309,0.00068744025156775,TRUE,FALSE
"2024-05-15",5,3,136,2024,20,2.44184468688556,98.236443914713,63.7634411621096,0.0369290501112118,TRUE,FALSE
"2024-05-16",5,3,137,2024,20,2.28101505232759,95.2088405242834,68.2420178222655,0.00186562538146973,TRUE,FALSE
"2024-05-17",5,3,138,2024,20,0.82884307489222,96.278122171808,69.1733837890616,0.0198344394448213,TRUE,FALSE
"2024-05-18",5,3,139,2024,20,0.2818596603581,97.440921105529,69.1852490234385,0.0286062568193302,TRUE,FALSE
"2024-05-19",5,3,140,2024,20,6.0456234609298,96.2016686902882,64.5753308105462,0.00185966491699219,TRUE,FALSE
"2024-05-20",5,3,141,2024,21,3.43872377622032,93.9272562407832,67.2774182128905,0.000351667404174805,TRUE,FALSE
"2024-05-21",5,3,142,2024,21,1.58155655205926,91.6799897599618,70.3877026367192,0,FALSE,TRUE
"2024-05-22",5,3,143,2024,21,5.70255779304052,90.8402121739057,73.7980236816405,6.1591464373123e-05,TRUE,FALSE
"2024-05-23",5,3,144,2024,21,3.34604627113892,93.0910265271473,74.2320935058596,0.0125487640616484,TRUE,FALSE
"2024-05-24",5,3,145,2024,21,1.66036466586493,95.391151581108,72.7348767089846,0.0688831030856818,TRUE,FALSE
"2024-05-25",5,3,146,2024,21,2.06638747536206,94.0651850007613,73.7290295410155,0.0165104866027832,TRUE,FALSE
"2024-05-26",5,3,147,2024,21,1.8449466506113,92.892394097468,75.5784680175789,0.000292062759399414,TRUE,FALSE
"2024-05-27",5,3,148,2024,22,7.3887690601126,94.0985712804856,73.8441662597655,0.00694592818035744,TRUE,FALSE
"2024-05-28",5,3,149,2024,22,4.80774407935145,88.9366365584784,74.323994140625,7.15255737304688e-05,TRUE,FALSE
"2024-05-29",5,3,150,2024,22,5.12678457312515,86.3056393325447,71.4552990722655,0,FALSE,TRUE
"2024-05-30",5,3,151,2024,22,5.12789715154111,85.9764803785296,67.7968518066405,0,FALSE,FALSE
"2024-05-31",5,3,152,2024,22,5.00855278357059,83.3779865944329,64.4494274902346,0,FALSE,FALSE
"2024-06-01",6,3,153,2024,22,3.30966915148652,88.0936461887555,64.4115246582039,0,FALSE,FALSE
"2024-06-02",6,3,154,2024,22,6.77116325042052,93.7480128318529,68.8882336425789,0.0091592468379531,TRUE,FALSE
"2024-06-03",6,3,155,2024,23,5.42613999161946,94.5821245281019,73.2268444824212,0.00736117362976074,TRUE,FALSE
"2024-06-04",6,3,156,2024,23,3.42258668959086,94.5509856168967,75.2642590332039,0.00369151421182323,TRUE,FALSE
"2024-06-05",6,3,157,2024,23,6.69866533938652,94.9568171191266,74.9548840332039,0.00666777268634178,TRUE,FALSE
"2024-06-06",6,3,158,2024,23,7.7817669813828,94.7131298114397,76.0479138183596,0.0136633709189482,TRUE,FALSE
"2024-06-07",6,3,159,2024,23,5.94084097380175,86.1480763912361,77.5593579101559,0.000194708513845399,TRUE,FALSE
"2024-06-08",6,3,160,2024,23,3.05787111907292,83.7529514356907,73.8432873535155,0,FALSE,TRUE
"2024-06-09",6,3,161,2024,23,6.53071339577213,88.6092172040239,75.7574353027346,0.0161131218192168,TRUE,FALSE
"2024-06-10",6,3,162,2024,24,3.89586340900215,85.8840389476677,73.0899548339846,0.000480810786029906,TRUE,FALSE
"2024-06-11",6,3,163,2024,24,3.25523815616415,87.7253545183666,71.5221508789059,0.000590085983276367,TRUE,FALSE
"2024-06-12",6,3,164,2024,24,2.85725769410961,90.348887742272,73.2209118652346,0.00111262006612378,TRUE,FALSE
"2024-06-13",6,3,165,2024,24,4.49987220492301,89.6622136601501,76.0376416015616,2.7815499947792e-05,TRUE,FALSE
"2024-06-14",6,3,166,2024,24,2.76941127930155,88.1189999255326,78.6983654785155,3.97364310344983e-06,TRUE,FALSE
"2024-06-15",6,3,167,2024,24,4.50263647648848,86.1428921425036,79.9591015625,0.000121196114832856,TRUE,FALSE
"2024-06-16",6,3,168,2024,24,5.84759167066647,88.557086835397,77.2025769042962,4.96705354180449e-05,TRUE,FALSE
"2024-06-17",6,3,169,2024,25,4.84502626081452,90.1316130446245,78.5524670410155,0.00183979664143408,TRUE,FALSE
"2024-06-18",6,3,170,2024,25,4.84488763735143,89.6528981765731,77.7747448730462,0.000337759661306336,TRUE,FALSE
"2024-06-19",6,3,171,2024,25,4.46755164804254,88.8633142123427,76.3276257324212,0,FALSE,TRUE
"2024-06-20",6,3,172,2024,25,3.49910769689459,89.8901048998761,76.0827954101559,0.000202655792236328,TRUE,FALSE
"2024-06-21",6,3,173,2024,25,3.38169522637954,88.0888226330217,78.0673107910155,0,FALSE,TRUE
"2024-06-22",6,3,174,2024,25,4.95230116258314,89.4741716445168,81.5413525390616,0.000317891431222961,TRUE,FALSE
"2024-06-23",6,3,175,2024,25,7.8430240777767,89.9364857583307,83.51427734375,0.000377496075998351,TRUE,FALSE
"2024-06-24",6,3,176,2024,26,2.58273595588607,83.5370556904498,85.5318615722655,3.17891448275986e-05,TRUE,FALSE
"2024-06-25",6,3,177,2024,26,2.44714292279177,85.1046201005165,80.9568249511712,0,FALSE,TRUE
"2024-06-26",6,3,178,2024,26,6.11032105193785,87.8695064555166,84.6912976074212,0.000911951065063477,TRUE,FALSE
"2024-06-27",6,3,179,2024,26,1.12493177918875,92.6300792360218,78.2401257324212,0.00701546669006348,TRUE,FALSE
"2024-06-28",6,3,180,2024,26,4.86617477733556,87.427519656368,81.2068737792962,0,FALSE,TRUE
"2024-06-29",6,3,181,2024,26,4.8987341292359,89.9079137015782,84.0436535644539,0.000262260437011719,TRUE,FALSE
"2024-06-30",6,3,182,2024,26,4.45535784553831,92.8363554603263,83.388154296875,0.0313560158247128,TRUE,FALSE
"2025-01-15",1,1,15,2025,3,4.97071714946452,81.4778736829667,32.0088330078116,0,FALSE,TRUE
"2025-01-16",1,1,16,2025,3,6.75898697697215,86.2717625978952,34.6825207519539,0,FALSE,FALSE
"2025-01-17",1,1,17,2025,3,1.47456337578288,87.1179180774331,40.8621655273442,0,FALSE,FALSE
"2025-01-18",1,1,18,2025,3,6.36374133638959,93.4492591067987,42.9665966796885,0.00251134242716944,TRUE,FALSE
"2025-01-19",1,1,19,2025,3,3.71995933607244,96.4677515512047,43.6027600097655,0.0128070518258028,TRUE,FALSE
"2025-01-20",1,1,20,2025,4,6.56186007651198,82.0937870480408,29.4274853515616,0,FALSE,TRUE
"2025-01-21",1,1,21,2025,4,4.76868197477834,81.8199770037046,22.5539990234385,0.00500281639688183,TRUE,FALSE
"2025-01-22",1,1,22,2025,4,4.47589718953171,84.836763891062,23.0322338867192,0.000335772824655578,TRUE,FALSE
"2025-01-23",1,1,23,2025,4,2.87845673369489,86.4677044818319,24.3448254394539,0,FALSE,TRUE
"2025-01-24",1,1,24,2025,4,4.9160288235691,85.763086104289,32.0447033691405,2.58286803500596e-05,TRUE,FALSE
"2025-01-25",1,1,25,2025,4,2.41008158546812,87.43668604,33.7286328125,0,FALSE,TRUE
"2025-01-26",1,1,26,2025,4,6.38742703427952,83.4303046980032,40.4486950683596,9.5367431640625e-05,TRUE,FALSE
"2025-01-27",1,1,27,2025,5,5.61436565001182,91.7076064465903,43.936689453125,0.00575979538552929,TRUE,FALSE
"2025-01-28",1,1,28,2025,5,8.56070565610068,85.6123516042611,46.3617565917962,3.97364310344983e-06,TRUE,FALSE
"2025-01-29",1,1,29,2025,5,9.31533178413303,80.0896009031267,52.2694348144539,0,FALSE,TRUE
"2025-01-30",1,1,30,2025,5,1.12337112153742,80.4572494804503,49.9179211425789,0,FALSE,FALSE
"2025-01-31",1,1,31,2025,5,7.36277725653183,92.0786586318572,56.4125439453116,0.0793596089351922,TRUE,FALSE
"2025-02-01",2,1,32,2025,5,5.58722585352329,90.8105089936691,54.2618054199212,0.0249107688432559,TRUE,FALSE
"2025-02-02",2,1,33,2025,5,5.13914772829656,89.0828973592439,45.0154370117192,1.19209289550781e-05,TRUE,FALSE
"2025-02-03",2,1,34,2025,6,5.68150997520963,92.7335838901752,50.3587475585942,0,FALSE,TRUE
"2025-02-04",2,1,35,2025,6,5.95175035619913,88.033464826848,61.0074658203116,0,FALSE,FALSE
"2025-02-05",2,1,36,2025,6,6.72106211716945,88.6773668001876,46.4163586425789,0.000810623168945312,TRUE,FALSE
"2025-02-06",2,1,37,2025,6,4.81433958208511,93.6134963401904,49.5938793945309,0.00261664390563965,TRUE,FALSE
"2025-02-07",2,1,38,2025,6,5.40869694499346,85.6362666057609,59.6016552734385,0.00161131229106104,TRUE,FALSE
"2025-02-08",2,1,39,2025,6,4.14273534639246,90.0308207792523,47.3252575683596,0.00408689193136524,TRUE,FALSE
"2025-02-09",2,1,40,2025,6,3.08417594442482,89.4285100602429,59.6964123535155,0.00389615706808399,TRUE,FALSE
"2025-02-10",2,1,41,2025,7,5.92692097663229,94.7197377120939,41.72228515625,0.0112732253910508,TRUE,FALSE
"2025-02-11",2,1,42,2025,7,5.03529496672764,96.4024552988156,34.751240234375,0.0621199607849121,TRUE,FALSE
"2025-02-12",2,1,43,2025,7,4.87339079705019,98.9599854551283,34.7149853515616,0.114266073796898,TRUE,FALSE
"2025-02-13",2,1,44,2025,7,4.54862663420906,95.8266034377465,44.3900402832039,0.0373880058759823,TRUE,FALSE
"2025-02-14",2,1,45,2025,7,4.37647658612088,85.6001739479781,38.8846813964846,0,FALSE,TRUE
"2025-02-15",2,1,46,2025,7,2.23184829227528,94.6092836938469,39.1317639160155,0.0335315853590146,TRUE,FALSE
"2025-02-16",2,1,47,2025,7,11.084143622403,92.9896138009089,54.4731823730462,0.031944116926752,TRUE,FALSE
"2025-02-17",2,1,48,2025,8,8.10853967233644,84.4219207028615,37.9915478515616,0,FALSE,TRUE
"2025-02-18",2,1,49,2025,8,2.68820045525682,86.3690026194096,37.3241833496096,0,FALSE,FALSE
"2025-02-19",2,1,50,2025,8,7.07975799656565,92.6812791127583,29.47560546875,0.0127315521240234,TRUE,FALSE
"2025-02-20",2,1,51,2025,8,7.72010100385262,89.0247620096173,27.4109997558596,0.00185767803486669,TRUE,FALSE
"2025-02-21",2,1,52,2025,8,7.99654443878821,84.6843719142298,30.1436291503905,0,FALSE,TRUE
"2025-02-22",2,1,53,2025,8,0.590493312164155,84.7714698575459,34.49328125,0,FALSE,FALSE
"2025-02-23",2,1,54,2025,8,1.82145271402673,84.9589850184657,41.844892578125,0,FALSE,FALSE
"2025-02-24",2,1,55,2025,9,1.39058034453665,86.6735020023793,45.4028698730462,0,FALSE,FALSE
"2025-02-25",2,1,56,2025,9,4.16526595098917,86.1293529293338,52.2596569824212,0,FALSE,FALSE
"2025-02-26",2,1,57,2025,9,2.94435229576594,83.6298209885441,56.1853466796885,0,FALSE,FALSE
"2025-02-27",2,1,58,2025,9,7.2198377970747,84.1826832163297,59.6166516113289,0.0031590461730957,TRUE,FALSE
"2025-02-28",2,1,59,2025,9,5.67932361425265,80.6664010294131,53.2001416015616,0,FALSE,TRUE
"2025-03-15",3,2,74,2025,11,6.77368302657806,94.3513391904911,58.6292004394539,0.000834465026855469,TRUE,FALSE
"2025-03-16",3,2,75,2025,11,12.2580162049909,95.4530798324086,67.3881604003905,0.0502864539157599,TRUE,FALSE
"2025-03-17",3,2,76,2025,12,9.73522896305758,87.8147373639679,55.5534680175789,0.00775853768573143,TRUE,FALSE
"2025-03-18",3,2,77,2025,12,3.13253502482269,79.3871496491356,53.3864697265616,0,FALSE,TRUE
"2025-03-19",3,2,78,2025,12,5.93258574402956,77.939059412491,61.060419921875,0,FALSE,FALSE
"2025-03-20",3,2,79,2025,12,8.4215219554536,85.7872574859711,60.0865368652346,0.0325898319715634,TRUE,FALSE
"2025-03-21",3,2,80,2025,12,7.40075544682674,80.6777811192318,49.8709545898442,0,FALSE,TRUE
"2025-03-22",3,2,81,2025,12,8.51509551579491,76.5445705246911,57.1685681152346,0,FALSE,FALSE
"2025-03-23",3,2,82,2025,12,1.18404647224903,79.0556402550222,56.9604870605462,0,FALSE,FALSE
"2025-03-24",3,2,83,2025,13,8.31028611851038,89.1331173087517,59.0226208496096,0.0233034297707491,TRUE,FALSE
"2025-03-25",3,2,84,2025,13,3.87309658454942,80.8908708969082,58.257587890625,0.00192721690837061,TRUE,FALSE
"2025-03-26",3,2,85,2025,13,7.51321418631051,80.0655059323704,52.973603515625,0,FALSE,TRUE
"2025-03-27",3,2,86,2025,13,2.68155329978421,81.1393893131422,51.0023815917962,0,FALSE,FALSE
"2025-03-28",3,2,87,2025,13,8.53881614748777,79.4740002395157,63.1161267089846,0,FALSE,FALSE
"2025-03-29",3,2,88,2025,13,8.63625347831508,86.8910128348067,69.3126904296885,0,FALSE,FALSE
"2025-03-30",3,2,89,2025,13,8.11566338376949,88.8485815299946,69.2078259277346,0.000564257288715453,TRUE,FALSE
"2025-03-31",3,2,90,2025,14,7.85955236786279,94.129877540115,68.3013439941405,0.03318190574646,TRUE,FALSE
"2025-04-01",4,2,91,2025,14,3.88423706490035,87.9022419354847,58.8130017089846,1.58945724137993e-05,TRUE,FALSE
"2025-04-02",4,2,92,2025,14,5.57795657101021,92.0781668820173,60.7599987792962,8.34465026855469e-05,TRUE,FALSE
"2025-04-03",4,2,93,2025,14,8.86452164576415,92.5751896155295,73.161640625,0.00301599502563477,TRUE,FALSE
"2025-04-04",4,2,94,2025,14,7.74041733133449,88.4518993360196,76.9350598144539,0.000141064322178863,TRUE,FALSE
"2025-04-05",4,2,95,2025,14,9.34599046276121,88.3990158825483,76.557734375,0.0003238518957005,TRUE,FALSE
"2025-04-06",4,2,96,2025,14,10.0105064110746,86.5971335300154,75.7220593261712,0.0180681541678496,TRUE,FALSE
"2025-04-07",4,2,97,2025,15,7.3203107449092,98.1383334118386,64.7819836425789,0.16761819133535,TRUE,FALSE
"2025-04-08",4,2,98,2025,15,6.73585513289045,86.0547124158605,52.0995861816405,0.000699361180522828,TRUE,FALSE
"2025-04-09",4,2,99,2025,15,3.17083145077273,82.3672582553199,47.9954235839846,0,FALSE,TRUE
"2025-04-10",4,2,100,2025,15,4.47355927191602,91.6747513929353,53.0289196777346,0.0192940235137939,TRUE,FALSE
"2025-04-11",4,2,101,2025,15,3.73154524897235,97.4147053645666,51.7040783691405,0.0926951586734504,TRUE,FALSE
"2025-04-12",4,2,102,2025,15,6.90307391192545,90.4577719637491,49.4270520019539,0.000371535611520812,TRUE,FALSE
"2025-04-13",4,2,103,2025,15,4.57319525690721,85.4216713590788,51.8255871582039,0,FALSE,TRUE
"2025-04-14",4,2,104,2025,16,9.34161270164609,84.5964896120729,66.7764965820309,0,FALSE,FALSE
"2025-04-15",4,2,105,2025,16,9.39392150326514,82.0935236732529,65.6199658203116,1.98682155172492e-06,TRUE,FALSE
"2025-04-16",4,2,106,2025,16,7.27621896194524,79.4915106267168,57.0796887207039,0,FALSE,TRUE
"2025-04-17",4,2,107,2025,16,2.2052117766574,82.327184008445,56.7040661621096,0,FALSE,FALSE
"2025-04-18",4,2,108,2025,16,8.5138499729262,83.9371013422415,65.670283203125,0,FALSE,FALSE
"2025-04-19",4,2,109,2025,16,9.67370178476885,89.0554693588291,72.2763073730462,0,FALSE,FALSE
"2025-04-20",4,2,110,2025,16,4.41766278169106,89.2237709402108,74.2525280761712,4.17232513427734e-05,TRUE,FALSE
"2025-04-21",4,2,111,2025,17,7.30601793166261,87.1393368223869,73.0284313964846,0,FALSE,TRUE
"2025-04-22",4,2,112,2025,17,4.1354754250379,91.1156157822549,70.8454479980462,0.00982880592346191,TRUE,FALSE
"2025-04-23",4,2,113,2025,17,3.19221812581011,88.5280798487793,69.001337890625,0,FALSE,TRUE
"2025-04-24",4,2,114,2025,17,2.77941305199685,92.5810898850658,67.6796826171885,0.007311502849916,TRUE,FALSE
"2025-04-25",4,2,115,2025,17,4.22131786731795,94.8779564045156,69.7373669433596,0.0213781997445039,TRUE,FALSE
"2025-04-26",4,2,116,2025,17,6.8749145018301,92.1167738789724,71.357685546875,0.0172436237335205,TRUE,FALSE
"2025-04-27",4,2,117,2025,17,5.43027273372352,84.1524855499812,61.7710705566405,0,FALSE,TRUE
"2025-04-28",4,2,118,2025,18,3.23561225976819,82.7188917971377,62.5345654296885,0,FALSE,FALSE
"2025-04-29",4,2,119,2025,18,7.7379925365307,87.5537602843549,68.3652844238289,7.94728620689966e-06,TRUE,FALSE
"2025-04-30",4,2,120,2025,18,5.81137083678367,89.8215356159788,74.3804089355462,0.00527501106262207,TRUE,FALSE
"2025-05-15",5,3,135,2025,20,3.4032509964721,94.0160669311497,73.3012219238289,0.00497897453897167,TRUE,FALSE
"2025-05-16",5,3,136,2025,20,4.29369490042781,92.6421289865992,77.0219616699212,0,FALSE,TRUE
"2025-05-17",5,3,137,2025,20,8.48062586754061,88.5157092129108,76.9527478027346,0.00895063058123924,TRUE,FALSE
"2025-05-18",5,3,138,2025,20,7.41790849652314,84.1196533811963,74.9209912109385,0,FALSE,TRUE
"2025-05-19",5,3,139,2025,21,3.91117146273088,86.2694115190475,72.4568676757809,0.000111261999791168,TRUE,FALSE
"2025-05-20",5,3,140,2025,21,3.19615147877553,87.3354461820678,70.5690869140616,0.00875194891705178,TRUE,FALSE
"2025-05-21",5,3,141,2025,21,1.55252249911309,91.1541921393033,74.3433850097655,0.0109453998447862,TRUE,FALSE
"2025-05-22",5,3,142,2025,21,8.07117991828685,81.6090492694429,71.2473828125,0,FALSE,TRUE
"2025-05-23",5,3,143,2025,21,7.83394812949309,80.3147686822861,65.9490063476559,0,FALSE,FALSE
"2025-05-24",5,3,144,2025,21,4.58592273279415,82.1991740652348,63.8968701171885,0,FALSE,FALSE
"2025-05-25",5,3,145,2025,21,1.24519641296515,84.1611736897547,67.3870068359385,0.000880161951499758,TRUE,FALSE
"2025-05-26",5,3,146,2025,22,4.8441987005141,94.5418216732202,63.1376599121096,0.00689824446453713,TRUE,FALSE
"2025-05-27",5,3,147,2025,22,5.86708576668217,96.0439438505895,57.2476696777346,0.149871909525245,TRUE,FALSE
"2025-05-28",5,3,148,2025,22,2.7815684851718,96.3945839516332,64.0061291503905,0.0414709240430966,TRUE,FALSE
"2025-05-29",5,3,149,2025,22,1.88307059458913,96.5871410172956,68.8612072753905,0.0532190024387091,TRUE,FALSE
"2025-05-30",5,3,150,2025,22,6.89701103870096,94.724245313012,69.1438854980462,0.052720308303833,TRUE,FALSE
"2025-05-31",5,3,151,2025,22,10.5159494875057,88.1623733236882,66.7438671875,0.00105301542134839,TRUE,FALSE
"2025-06-01",6,3,152,2025,22,2.14848985669541,91.300379919585,65.3623913574212,0.0148375824210234,TRUE,FALSE
"2025-06-02",6,3,153,2025,23,3.25444822587185,87.1367313031237,65.9056103515616,0,FALSE,TRUE
"2025-06-03",6,3,154,2025,23,3.88143817228671,86.1732898094744,69.6872692871096,0,FALSE,FALSE
"2025-06-04",6,3,155,2025,23,4.25508364168881,91.1509338345827,72.8560009765616,1.9868214451435e-05,TRUE,FALSE
"2025-06-05",6,3,156,2025,23,3.51738347871996,97.114394105895,69.9193005371096,0.0534971535671502,TRUE,FALSE
"2025-06-06",6,3,157,2025,23,2.99939729856373,92.5656158763313,77.0738171386712,0.0003238518957005,TRUE,FALSE
"2025-06-07",6,3,158,2025,23,4.47556433515712,93.5702717884125,77.8861462402346,0.0135203197714873,TRUE,FALSE
"2025-06-08",6,3,159,2025,23,6.00691446471582,92.7939364655569,77.7952893066405,0.0031073886930244,TRUE,FALSE
"2025-06-09",6,3,160,2025,24,4.41096976112304,89.7676274712388,78.2545178222655,0.00802278518676758,TRUE,FALSE
"2025-06-10",6,3,161,2025,24,5.33345942892725,93.9513949516152,74.880341796875,0.0162303447723389,TRUE,FALSE
"2025-06-11",6,3,162,2025,24,1.39883150011502,91.6287869819535,76.8834240722655,0.000983476638793945,TRUE,FALSE
"2025-06-12",6,3,163,2025,24,2.55162158124483,91.015466771453,77.5686962890616,0.000441074371337891,TRUE,FALSE
"2025-06-13",6,3,164,2025,24,5.40651630601654,95.1913478189893,76.9974621582039,0.0105897583125625,TRUE,FALSE
"2025-06-14",6,3,165,2025,24,5.88416494613429,93.8811444808404,78.5172009277346,0.0236451625823975,TRUE,FALSE
"2025-06-15",6,3,166,2025,24,5.95735044777586,94.7947943350402,77.4953625488289,0.0323553889757022,TRUE,FALSE
"2025-06-16",6,3,167,2025,25,2.83084874369011,94.7350325980314,78.1310314941405,0.0336964934831485,TRUE,FALSE
"2025-06-17",6,3,168,2025,25,4.01428695815792,93.4714710689397,80.3313732910155,0.0275492668151855,TRUE,FALSE
"2025-06-18",6,3,169,2025,25,8.31599089663791,90.4415674799422,81.9382336425789,0.000282128644357726,TRUE,FALSE
"2025-06-19",6,3,170,2025,25,8.46499607219148,89.2828481245568,81.8558361816405,0.011591116344789,TRUE,FALSE
"2025-06-20",6,3,171,2025,25,1.1279125427265,86.0604769186668,78.1634411621096,0,FALSE,TRUE
"2025-06-21",6,3,172,2025,25,2.69563669026127,85.4732656908246,80.1799816894539,0,FALSE,FALSE
"2025-06-22",6,3,173,2025,25,3.30883898278377,87.3909959621989,83.6455639648442,0,FALSE,FALSE
"2025-06-23",6,3,174,2025,26,1.90951024394626,86.5669227968703,86.6970166015616,0.000174840295130707,TRUE,FALSE
"2025-06-24",6,3,175,2025,26,1.65835063576004,86.1191715324458,88.6641735839846,0.000228484464059875,TRUE,FALSE
"2025-06-25",6,3,176,2025,26,2.50321958669467,88.1263375745995,86.6148388671885,0.0182946518179961,TRUE,FALSE
"2025-06-26",6,3,177,2025,26,1.78760329579979,91.7391643124255,81.3417858886712,0.0289281219011173,TRUE,FALSE
"2025-06-27",6,3,178,2025,26,2.24240400973169,92.7015366481004,81.0122509765616,0.0162661075592041,TRUE,FALSE
"2025-06-28",6,3,179,2025,26,2.34122416179605,93.5480911881972,79.9146069335942,0.0261406094068661,TRUE,FALSE
"2025-06-29",6,3,180,2025,26,2.43936569120947,92.3640758507495,80.9914868164059,0.0134090587380342,TRUE,FALSE
"2025-06-30",6,3,181,2025,27,4.95671561378355,90.5579119464476,82.9847912597655,0.00330607108480763,TRUE,FALSE
"2026-01-15",1,1,15,2026,3,10.517470140374,83.047372166976,34.35177734375,1.98682155172492e-06,TRUE,FALSE
"2026-01-16",1,1,16,2026,3,5.34080783346259,80.4756080617746,30.23146484375,0,FALSE,TRUE
"2026-01-17",1,1,17,2026,3,7.86600581915549,86.6233457454672,41.3656140136712,6.35782896551973e-05,TRUE,FALSE
"2026-01-18",1,1,18,2026,3,3.0940877264858,97.3980622252676,38.0732312011712,0.0457863003248349,TRUE,FALSE
"2026-01-19",1,1,19,2026,4,6.08307698985632,89.9714177759205,32.3597912597655,0,FALSE,TRUE
"2026-01-20",1,1,20,2026,4,4.40305570158455,83.1953448499291,30.8145642089846,0,FALSE,FALSE
"2026-01-21",1,1,21,2026,4,4.82785694062721,83.110884068426,32.6967419433596,0,FALSE,FALSE
"2026-01-22",1,1,22,2026,4,6.39232127999638,84.9464245439792,46.6778332519539,0.00124772386698169,TRUE,FALSE
"2026-01-23",1,1,23,2026,4,3.55000990912561,85.6056613819116,42.6644177246096,0,FALSE,TRUE
"2026-01-24",1,1,24,2026,4,9.39788728427626,81.8105631562251,26.9599560546885,0.00381072350137401,TRUE,FALSE
"2026-01-25",1,1,25,2026,4,2.44706291983492,98.7049863965833,19.1579602050789,0.0728249549865723,TRUE,FALSE
"2026-01-26",1,1,26,2026,5,7.9575228466472,91.3161459906575,30.1597241210942,0.00215967502299463,TRUE,FALSE
"2026-01-27",1,1,27,2026,5,6.93764789510906,81.5480119897012,25.2989880371096,0,FALSE,TRUE
"2026-01-28",1,1,28,2026,5,4.62441438629629,83.4256859363663,32.0143811035155,0,FALSE,FALSE
"2026-01-29",1,1,29,2026,5,5.13814644880497,79.3154432837958,29.6081555175789,0,FALSE,FALSE
"2026-01-30",1,1,30,2026,5,4.13814077903965,85.5212188282106,28.5485791015616,0.000500679016113281,TRUE,FALSE
"2026-01-31",1,1,31,2026,5,10.3795667298596,90.3997703398877,21.2930981445309,0.0285307556623593,TRUE,FALSE
"2026-02-01",2,1,32,2026,5,10.714514957035,86.2981777393817,22.7468640136712,0.00545978546142578,TRUE,FALSE
"2026-02-02",2,1,33,2026,6,4.772533710454,84.2944534246415,25.7728283691405,0,FALSE,TRUE
"2026-02-03",2,1,34,2026,6,4.23824153807272,85.7244236320909,35.2349133300789,5.16573607001192e-05,TRUE,FALSE
"2026-02-04",2,1,35,2026,6,3.0431349587522,94.4099103752879,37.549677734375,0.0121891498565674,TRUE,FALSE
"2026-02-05",2,1,36,2026,6,5.7190823905757,90.8610655887626,33.30587890625,0.00271399821940577,TRUE,FALSE
"2026-02-06",2,1,37,2026,6,4.6724038303273,90.8485289978766,34.3581494140616,0.00333388634317089,TRUE,FALSE
"2026-02-07",2,1,38,2026,6,12.348268749292,77.6837526565437,33.9892834472655,0,FALSE,TRUE
"2026-02-08",2,1,39,2026,6,5.55670740107621,75.9107312487998,27.0933850097655,0.000735123967388063,TRUE,FALSE
"2026-02-09",2,1,40,2026,7,1.91685892650998,80.0720443177643,31.7104992675789,0,FALSE,TRUE
"2026-02-10",2,1,41,2026,7,6.59924699510892,87.7718535445051,46.4533825683596,0,FALSE,FALSE
"2026-02-11",2,1,42,2026,7,7.41263507840035,82.7078480303708,57.1757092285155,8.14596830878145e-05,TRUE,FALSE
"2026-02-12",2,1,43,2026,7,7.19258245155866,79.8056110647156,43.7356945800789,0,FALSE,TRUE
"2026-02-13",2,1,44,2026,7,3.31691357488204,82.1762414102779,40.1115795898442,0,FALSE,FALSE
"2026-02-14",2,1,45,2026,7,3.92009558581747,84.9396608179155,41.510029296875,0,FALSE,FALSE
"2026-02-15",2,1,46,2026,7,1.3136640464676,94.9312459544532,44.7097424316405,0.126890337560326,TRUE,FALSE
"2026-02-16",2,1,47,2026,8,5.86537165121623,94.114302648498,47.5121350097655,0.000415245676776976,TRUE,FALSE
"2026-02-17",2,1,48,2026,8,6.58141493623767,93.1148435058762,48.0604077148442,0,FALSE,TRUE
"2026-02-18",2,1,49,2026,8,10.0090021870978,93.2256059724609,57.6620190429692,2.38418579101562e-05,TRUE,FALSE
"2026-02-19",2,1,50,2026,8,2.95421411002699,95.206133265914,61.3549084472655,0.00798304899944924,TRUE,FALSE
"2026-02-20",2,1,51,2026,8,4.84487171564948,89.023746903856,63.3476086425789,0.00224510822590673,TRUE,FALSE
"2026-02-21",2,1,52,2026,8,1.71767732434952,84.9508089626586,57.6987683105462,0.000150998437220551,TRUE,FALSE
"2026-02-22",2,1,53,2026,8,7.91087553648132,92.0046541127606,44.1253796386712,0.0238597393035889,TRUE,FALSE
"2026-02-23",2,1,54,2026,9,12.684799582932,84.4317647999392,33.1760754394539,2.38418579101562e-05,TRUE,FALSE
"2026-02-24",2,1,55,2026,9,6.2442749535578,84.6351623653167,32.6828991699212,0,FALSE,TRUE
"2026-02-25",2,1,56,2026,9,11.0114252785094,84.2637649179655,48.6719616699212,9.73542569226993e-05,TRUE,FALSE
"2026-02-26",2,1,57,2026,9,3.36563234279689,98.1662993310908,52.3177746582039,0.0891168892849237,TRUE,FALSE
"2026-02-27",2,1,58,2026,9,4.4802682476813,98.6177848981155,47.0260998535155,0.0082115329860244,TRUE,FALSE
"2026-02-28",2,1,59,2026,9,1.11516408792447,94.9666180070668,49.9100109863289,0.000121196114832856,TRUE,FALSE
"2026-03-15",3,2,74,2026,11,7.39105685849658,90.6596142946868,59.4130749511712,0.00706911087036133,TRUE,FALSE
"2026-03-16",3,2,75,2026,12,11.176238991333,97.3297916006071,60.3620190429692,0.0532309233676642,TRUE,FALSE
"2026-03-17",3,2,76,2026,12,9.12083591930758,82.445924711209,37.2688122558596,0,FALSE,TRUE
"2026-03-18",3,2,77,2026,12,2.04692106880159,82.4896243779476,36.2141247558596,0,FALSE,FALSE
"2026-03-19",3,2,78,2026,12,2.66643072946273,85.4965809693136,46.9238171386712,0,FALSE,FALSE
"2026-03-20",3,2,79,2026,12,7.19649633351868,83.4037208301886,56.47033203125,1.3907749973896e-05,TRUE,FALSE
"2026-03-21",3,2,80,2026,12,6.36445168389232,83.2505978716502,66.7581494140616,0.00233252849284327,TRUE,FALSE
"2026-03-22",3,2,81,2026,12,6.99568240895773,87.2389608662277,70.1551770019539,3.97364310344983e-06,TRUE,FALSE
"2026-03-23",3,2,82,2026,13,7.80254727840509,82.573776258207,68.9555798339846,0,FALSE,TRUE
"2026-03-24",3,2,83,2026,13,5.9056545427521,82.7504107819202,45.7427868652346,0,FALSE,FALSE
"2026-03-25",3,2,84,2026,13,4.09355278465505,84.1795163797356,49.1259716796885,0,FALSE,FALSE
"2026-03-26",3,2,85,2026,13,8.85726430630316,86.1661374253196,65.2724133300789,0,FALSE,FALSE
"2026-03-27",3,2,86,2026,13,5.415323717945,87.684058213434,71.8450390625,0.0173906490090303,TRUE,FALSE
"2026-03-28",3,2,87,2026,13,7.5338231008578,83.7411862568117,48.8324719238289,0.00622272491455078,TRUE,FALSE
"2026-03-29",3,2,88,2026,13,6.09068536092485,82.1511570401387,48.3064465332039,0,FALSE,TRUE
"2026-03-30",3,2,89,2026,14,8.44844189565911,89.346383889833,60.3464733886712,1.19209289550781e-05,TRUE,FALSE
"2026-03-31",3,2,90,2026,14,9.52427682408178,89.0198799102802,67.5053295898442,0.000111261999791168,TRUE,FALSE
"2026-04-01",4,2,91,2026,14,7.40372945396372,89.3483617810807,71.7106213378905,0.000514586781719117,TRUE,FALSE
"2026-04-02",4,2,92,2026,14,7.82383671330389,89.4542521140151,71.3833386230462,0.000458955764770508,TRUE,FALSE
"2026-04-03",4,2,93,2026,14,7.34738772148859,90.3960990654353,70.0136730957039,0.000584125518798828,TRUE,FALSE
"2026-04-04",4,2,94,2026,14,8.35512997800498,90.344908328276,71.8102673339846,0.000460942601421266,TRUE,FALSE
"2026-04-05",4,2,95,2026,14,7.80725963259256,95.0052561471369,66.2321789550789,0.0558396161068231,TRUE,FALSE
"2026-04-06",4,2,96,2026,15,4.19948153593094,82.9570995666839,54.6490734863289,0,FALSE,TRUE
"2026-04-07",4,2,97,2026,15,4.05128811088272,82.2503216248673,55.4938671875,0,FALSE,FALSE
"2026-04-08",4,2,98,2026,15,7.58999475386233,80.3140333704764,50.4205456542962,0,FALSE,FALSE
"2026-04-09",4,2,99,2026,15,3.39705827342836,83.8355578239116,50.2430065917962,0,FALSE,FALSE
"2026-04-10",4,2,100,2026,15,4.0687596526413,84.4853948859819,58.0508801269539,0,FALSE,FALSE
"2026-04-11",4,2,101,2026,15,3.38534704120036,83.2001390966442,67.2944470214846,8.14596830878145e-05,TRUE,FALSE
"2026-04-12",4,2,102,2026,15,5.07146495278559,87.6955622131974,67.9008923339846,5.5630999895584e-05,TRUE,FALSE
"2026-04-13",4,2,103,2026,16,8.87601158112073,84.8179695672745,71.703974609375,0,FALSE,TRUE
"2026-04-14",4,2,104,2026,16,6.46517793396706,82.4712610586475,73.2955090332039,0,FALSE,FALSE
"2026-04-15",4,2,105,2026,16,6.02749337348415,81.0427498857673,76.3822827148442,0,FALSE,FALSE
"2026-04-16",4,2,106,2026,16,8.05327623991565,79.6209912642091,76.9227001953116,0,FALSE,FALSE
"2026-04-17",4,2,107,2026,16,4.62815066511757,81.9686323834057,74.8616650390616,0.000695387507221312,TRUE,FALSE
"2026-04-18",4,2,108,2026,16,5.12177666536152,82.4601210909221,73.96583984375,0,FALSE,TRUE
"2026-04-19",4,2,109,2026,16,7.31065006189298,82.7343346335717,61.4493908691405,0.00312129668600392,TRUE,FALSE
"2026-04-20",4,2,110,2026,17,5.97360640640054,78.7096429225995,54.8854992675789,0.000168879830653168,TRUE,FALSE
"2026-04-21",4,2,111,2026,17,2.1181710532614,79.6696649463006,53.2908337402346,0,FALSE,TRUE
"2026-04-22",4,2,112,2026,17,5.23726509690021,81.1127306160357,64.8682263183596,0,FALSE,FALSE
"2026-04-23",4,2,113,2026,17,4.40035364720182,81.1116300227689,69.6034436035155,0,FALSE,FALSE
"2026-04-24",4,2,114,2026,17,5.23448518130921,81.5146510560105,70.4477429199212,0,FALSE,FALSE
"2026-04-25",4,2,115,2026,17,4.70584250641069,85.8182112923555,69.5142346191405,0.00581741333007812,TRUE,FALSE
"2026-04-26",4,2,116,2026,17,5.40303396413183,95.5079444699346,59.3791271972655,0.00972350462689064,TRUE,FALSE
"2026-04-27",4,2,117,2026,18,5.40554059181874,87.4107435981087,58.8953442382809,1.98682155172492e-06,TRUE,FALSE
"2026-04-28",4,2,118,2026,18,6.0927394973313,93.5068806398229,57.2622814941405,0.00600417442910839,TRUE,FALSE
"2026-04-29",4,2,119,2026,18,4.75337802861202,95.4482535128249,64.2558483886712,0.0177840396645479,TRUE,FALSE
"2026-04-30",4,2,120,2026,18,5.89199253857351,87.9707907049612,63.3412365722655,0.00306765250570606,TRUE,FALSE
"2026-05-15",5,3,135,2026,20,4.34821820789036,81.8992660538598,60.8149853515616,0,FALSE,TRUE
"2026-05-16",5,3,136,2026,20,6.55662687382793,82.3137185232008,69.1720104980462,0,FALSE,FALSE
"2026-05-17",5,3,137,2026,20,5.3420180581172,86.3709152468911,76.9540661621096,0.00129938125610352,TRUE,FALSE
"2026-05-18",5,3,138,2026,21,6.51524140586908,86.0669541609263,80.2700695800789,0.000905990600585938,TRUE,FALSE
"2026-05-19",5,3,139,2026,21,6.7091651851882,85.1721265586599,80.5021008300789,0.000139077508265473,TRUE,FALSE
"2026-05-20",5,3,140,2026,21,6.12244124486412,86.0589210089715,79.7448132324212,0.000733137130737305,TRUE,FALSE
"2026-05-21",5,3,141,2026,21,2.33044948923916,87.6304350467073,78.0781872558596,0.00102519989013672,TRUE,FALSE
"2026-05-22",5,3,142,2026,21,7.66496776084987,98.237177870357,61.5879284667962,0.0448862701887265,TRUE,FALSE
"2026-05-23",5,3,143,2026,21,5.48809811221942,99.4357207335932,58.4262829589846,0.0742137432098389,TRUE,FALSE
"2026-05-24",5,3,144,2026,21,2.13078923343201,96.8231302079588,66.8343395996096,0.00486373901367188,TRUE,FALSE
"2026-05-25",5,3,145,2026,22,6.1070429419769,98.5798952732739,72.6076550292962,0.086454552365467,TRUE,FALSE
"2026-05-26",5,3,146,2026,22,5.10132676036891,96.6943407465663,75.5594067382809,0.0241200134041719,TRUE,FALSE
"2026-05-27",5,3,147,2026,22,7.2272000435585,96.1305521267482,75.6630078125,0.0275174767011777,TRUE,FALSE
"2026-05-28",5,3,148,2026,22,3.64633513617632,90.4911215878557,77.5335949707039,7.54992186102754e-05,TRUE,FALSE
"2026-05-29",5,3,149,2026,22,1.3845365200613,87.5605000034673,72.1490307617192,0,FALSE,TRUE
"2026-05-30",5,3,150,2026,22,2.01612190824295,84.0745910964484,75.5216137695309,0,FALSE,FALSE
"2026-05-31",5,3,151,2026,22,2.93889742599829,86.0279124746897,67.9594494628905,0,FALSE,FALSE
"2026-06-01",6,3,152,2026,23,1.04962748131841,87.5092769313963,72.3141003417962,3.97364310344983e-06,TRUE,FALSE
"2026-06-02",6,3,153,2026,23,7.32223611574624,85.6265980789397,66.3087536621096,1.98682155172492e-06,TRUE,FALSE
"2026-06-03",6,3,154,2026,23,4.01121649393311,82.7051077108098,66.5498486328116,0,FALSE,TRUE
"2026-06-04",6,3,155,2026,23,1.48996960474653,81.8997801063822,71.4870495605462,0,FALSE,FALSE
"2026-06-05",6,3,156,2026,23,3.71324570398947,82.218952731674,76.2982922363289,0,FALSE,FALSE
"2026-06-06",6,3,157,2026,23,6.09053706089064,83.7009883159408,78.7055065917962,0,FALSE,FALSE
"2026-06-07",6,3,158,2026,23,6.06863518137762,83.8805443295806,81.2050061035155,0,FALSE,FALSE
"2026-06-08",6,3,159,2026,24,2.61525698320493,88.1750706579621,80.2255749511712,0.00116626424642163,TRUE,FALSE
"2026-06-09",6,3,160,2026,24,2.93953230544594,90.8920865050967,75.467451171875,0.00321269035339355,TRUE,FALSE
"2026-06-10",6,3,161,2026,24,6.82309488081717,91.0053223509622,80.438544921875,0.00216166172322119,TRUE,FALSE
"2026-06-11",6,3,162,2026,24,5.60866703477766,87.9459431071248,84.6958020019539,0.000993410776573,TRUE,FALSE
"2026-06-12",6,3,163,2026,24,5.14518466907201,85.2960453439297,87.1179577636712,0.000931819249672117,TRUE,FALSE
"2026-06-13",6,3,164,2026,24,3.69511189690183,86.3577474938903,83.5110363769539,0.0012516975402832,TRUE,FALSE
"2026-06-14",6,3,165,2026,24,4.12373296196142,90.0471141659011,81.2589489746096,0.00694990158081055,TRUE,FALSE
"2026-06-15",6,3,166,2026,25,5.87764768936915,84.2504324288698,77.6108288574212,0.00314116477966309,TRUE,FALSE
"2026-06-16",6,3,167,2026,25,0.788385671073715,85.7466837001596,72.4846081542962,0.00147223472595215,TRUE,FALSE
"2026-06-17",6,3,168,2026,25,5.1065714980819,85.0528623058484,78.6497509765616,0,FALSE,TRUE
"2026-06-18",6,3,169,2026,25,10.0206604299565,88.7665860972815,82.0866589355462,0.00143845873026294,TRUE,FALSE
"2026-06-19",6,3,170,2026,25,5.27226553984355,88.1522633708764,77.5629284667962,0.0852962315548211,TRUE,FALSE
"2026-06-20",6,3,171,2026,25,3.84714575926157,83.5940150672502,75.0360729980462,0,FALSE,TRUE
"2026-06-21",6,3,172,2026,25,3.37341356898228,85.4106866795362,78.7214367675789,0.000210603070627258,TRUE,FALSE
"2026-06-22",6,3,173,2026,26,NA,NA,NA,NA,FALSE,TRUE
"2026-06-23",6,3,174,2026,26,NA,NA,NA,NA,FALSE,FALSE
"2026-06-24",6,3,175,2026,26,NA,NA,NA,NA,FALSE,FALSE
"2026-06-25",6,3,176,2026,26,NA,NA,NA,NA,FALSE,FALSE
"2026-06-26",6,3,177,2026,26,NA,NA,NA,NA,FALSE,FALSE
"2026-06-27",6,3,178,2026,26,NA,NA,NA,NA,FALSE,FALSE
"2026-06-28",6,3,179,2026,26,NA,NA,NA,NA,FALSE,FALSE
"2026-06-29",6,3,180,2026,27,NA,NA,NA,NA,FALSE,FALSE
"2026-06-30",6,3,181,2026,27,NA,NA,NA,NA,FALSE,FALSE
