"allDates","month_num","window_num","julianDate","year","julianWeek","u10","v10","d2m","t2m","tp"
2021-06-02,6,3,153,2021,22,-1.26497399806976,1.68469178676605,290.537994384766,294.372833251953,0.000630080699920654
2021-06-03,6,3,154,2021,22,0.190746307373047,2.4574978351593,293.972320556641,295.010711669922,0.000286698341369629
2021-06-04,6,3,155,2021,22,1.41886079311371,1.52846968173981,293.753082275391,297.209716796875,0.000165343284606934
2021-06-05,6,3,156,2021,22,0.287121444940567,1.24092614650726,292.061187744141,297.892669677734,1.00135803222656e-05
2021-06-06,6,3,157,2021,22,0.659617722034454,2.2939510345459,294.596313476562,298.320953369141,2.83916797343409e-05
2021-06-07,6,3,158,2021,23,1.44895112514496,1.83217942714691,294.708404541016,298.297546386719,7.19229356036521e-05
2021-06-08,6,3,159,2021,23,1.86025106906891,2.05927729606628,294.674896240234,297.794128417969,7.84397125244141e-05
2021-06-09,6,3,160,2021,23,1.54969727993011,1.59838104248047,295.274688720703,298.780792236328,0.000101725257991347
2021-06-10,6,3,161,2021,23,0.741320908069611,1.72186529636383,295.293701171875,297.495147705078,0.000813106715213507
2021-06-11,6,3,162,2021,23,1.43515396118164,0.890586853027344,295.092742919922,298.106475830078,0.000296135753160343
2021-06-12,6,3,163,2021,23,-1.34263038635254,-2.00154805183411,293.725799560547,295.358734130859,0.000176608562469482
2021-06-13,6,3,164,2021,23,-0.958750426769257,-1.06178665161133,292.157379150391,296.782592773438,1.82986259460449e-05
2021-06-14,6,3,165,2021,24,1.19768142700195,0.675902664661407,293.832977294922,298.009490966797,2.7775764465332e-05
2021-06-15,6,3,166,2021,24,0.993730545043945,-1.61171722412109,289.115203857422,298.365661621094,0
2021-06-16,6,3,167,2021,24,1.2221736907959,-1.74979782104492,285.033843994141,296.561614990234,0
2021-06-17,6,3,168,2021,24,0.0218868255615234,-1.63604414463043,281.684112548828,295.359252929688,0
2021-06-18,6,3,169,2021,24,1.34855270385742,2.01852297782898,286.411407470703,296.446746826172,0
2021-06-19,6,3,170,2021,24,2.9618923664093,2.0244026184082,290.605194091797,300.456665039062,0
2021-06-20,6,3,171,2021,24,1.01125848293304,1.92446899414062,293.578552246094,296.901000976562,0.000425120204454288
2021-06-21,6,3,172,2021,25,2.53192257881165,1.88801765441895,294.345581054688,300.310943603516,2.64247250925109e-06
2021-06-22,6,3,173,2021,25,1.67959916591644,0.717784881591797,293.415313720703,296.514373779297,0.000587503134738654
2021-06-23,6,3,174,2021,25,-1.98644959926605,-0.576768219470978,288.60986328125,293.584838867188,9.90033149719238e-05
2021-06-24,6,3,175,2021,25,-2.13312268257141,-0.137554168701172,285.985931396484,293.47412109375,0
2021-06-25,6,3,176,2021,25,-1.6424173116684,0.0947659835219383,288.586578369141,293.407958984375,1.9868214451435e-07
2021-06-26,6,3,177,2021,25,-0.747203826904297,2.04477572441101,294.233825683594,297.720123291016,7.96715394244529e-05
2021-06-27,6,3,178,2021,25,-0.485933929681778,1.86058175563812,294.258178710938,298.619476318359,1.39474868774414e-05
2021-06-28,6,3,179,2021,26,-1.74420738220215,1.47003304958344,293.494506835938,299.399475097656,6.33796071269899e-06
2021-06-29,6,3,180,2021,26,-0.381817489862442,1.99529588222504,293.523620605469,299.633026123047,1.03314721400238e-06
2021-06-30,6,3,181,2021,26,1.58462905883789,2.15033721923828,294.2685546875,300.564117431641,1.31130218505859e-05
2022-01-15,1,1,15,2022,2,-1.60804498195648,-1.59417152404785,268.147979736328,274.841949462891,3.77496075998351e-06
2022-01-16,1,1,16,2022,2,-2.58003544807434,-2.36137771606445,267.907836914062,271.174926757812,0.00131390488240868
2022-01-17,1,1,17,2022,3,5.19078636169434,0.891038239002228,268.89990234375,274.563751220703,7.98702239990234e-06
2022-01-18,1,1,18,2022,3,2.12605786323547,-0.949766159057617,267.48046875,275.237945556641,0
2022-01-19,1,1,19,2022,3,1.39267027378082,3.06912112236023,270.287750244141,278.387542724609,0
2022-01-20,1,1,20,2022,3,0.666270554065704,-0.238559082150459,275.745971679688,279.220947265625,0.00037262836121954
2022-01-21,1,1,21,2022,3,-2.12527585029602,-3.54962849617004,264.863800048828,271.396240234375,9.93410722003318e-05
2022-01-22,1,1,22,2022,3,-0.132350921630859,-2.01436543464661,262.481353759766,269.484588623047,4.38094139099121e-05
2022-01-23,1,1,23,2022,3,1.97122442722321,1.43673264980316,266.592193603516,273.014129638672,0
2022-01-24,1,1,24,2022,4,0.757492065429688,0.764461517333984,269.808563232422,277.326934814453,0
2022-01-25,1,1,25,2022,4,0.963712692260742,0.236473724246025,273.521453857422,280.198608398438,2.66234087575867e-06
2022-01-26,1,1,26,2022,4,-1.43436753749847,-2.95277404785156,266.998199462891,275.748474121094,7.35123933282011e-07
2022-01-27,1,1,27,2022,4,-1.09516084194183,0.286722183227539,264.29150390625,272.063446044922,0
2022-01-28,1,1,28,2022,4,0.496015548706055,-0.437107712030411,269.191467285156,274.993743896484,2.8570493668667e-05
2022-01-29,1,1,29,2022,4,2.43095970153809,-4.29343605041504,263.399658203125,272.486206054688,0.000106175742985215
2022-01-30,1,1,30,2022,4,0.514226913452148,1.20873510837555,259.743408203125,271.657196044922,0
2022-01-31,1,1,31,2022,5,-1.18920135498047,-1.35440123081207,266.093994140625,274.754028320312,0
2022-02-01,2,1,32,2022,5,-1.70226347446442,-0.980408370494843,270.178771972656,275.662261962891,0
2022-02-02,2,1,33,2022,5,-1.58614349365234,0.633169829845428,271.288909912109,277.902923583984,1.19209289550781e-07
2022-02-03,2,1,34,2022,5,-0.823860824108124,2.4426600933075,282.254547119141,284.202117919922,0.000371595233445987
2022-02-04,2,1,35,2022,5,2.17948222160339,3.67938113212585,287.262603759766,289.494873046875,0.000587284564971924
2022-02-05,2,1,36,2022,5,0.590757369995117,-3.45612025260925,265.725646972656,275.655151367188,3.97364310344983e-08
2022-02-06,2,1,37,2022,5,-1.99073731899261,-1.02546751499176,264.115234375,272.587951660156,3.97364310344983e-08
2022-02-07,2,1,38,2022,6,-0.461702972650528,-2.49514508247375,272.091766357422,273.523162841797,0.000519712746609002
2022-02-08,2,1,39,2022,6,2.02789425849915,-0.491905212402344,272.898315429688,277.175262451172,0
2022-02-09,2,1,40,2022,6,1.67834281921387,1.33914947509766,270.821319580078,278.807891845703,0
2022-02-10,2,1,41,2022,6,2.88861274719238,1.99238395690918,270.921722412109,282.819976806641,0
2022-02-11,2,1,42,2022,6,1.71377885341644,2.66947293281555,272.051239013672,283.940155029297,0
2022-02-12,2,1,43,2022,6,2.08946537971497,2.22392201423645,275.59765625,286.760681152344,6.53664255878539e-06
2022-02-13,2,1,44,2022,6,-0.0780448913574219,-3.00553584098816,274.410308837891,278.974487304688,8.26716423034668e-05
2022-02-14,2,1,45,2022,7,1.41025602817535,-1.23337423801422,267.103363037109,274.707855224609,3.57627868652344e-07
2022-02-15,2,1,46,2022,7,-1.34288847446442,0.731359481811523,266.060089111328,275.374450683594,0
2022-02-16,2,1,47,2022,7,-1.16324615478516,2.89798736572266,273.741821289062,281.124359130859,7.94728620689966e-08
2022-02-17,2,1,48,2022,7,0.536539077758789,5.02776098251343,282.563568115234,289.681915283203,7.35123967388063e-06
2022-02-18,2,1,49,2022,7,2.62460899353027,0.000525156676303595,279.859710693359,287.412384033203,0.00024153788399417
2022-02-19,2,1,50,2022,7,2.16001391410828,-1.55323469638824,265.356903076172,277.889373779297,0
2022-02-20,2,1,51,2022,7,-0.768362700939178,0.635734558105469,262.045166015625,276.569854736328,0
2022-02-21,2,1,52,2022,8,0.842323303222656,1.77732717990875,276.038879394531,282.537536621094,3.77496093051377e-07
2022-02-22,2,1,53,2022,8,0.856228530406952,3.96606707572937,286.565887451172,289.956268310547,5.63065223104786e-05
2022-02-23,2,1,54,2022,8,1.66142594814301,1.81043434143066,287.665557861328,290.107513427734,0.000633994757663459
2022-02-24,2,1,55,2022,8,-1.55326020717621,-2.05973315238953,280.134918212891,282.142608642578,0.000255783408647403
2022-02-25,2,1,56,2022,8,1.25542390346527,-0.268782287836075,279.943450927734,283.861450195312,2.42392229665711e-06
2022-02-26,2,1,57,2022,8,-0.97645503282547,-2.00705075263977,273.010284423828,279.835083007812,8.42412282509031e-06
2022-02-27,2,1,58,2022,8,1.40502548217773,0.330551773309708,277.147705078125,278.658477783203,0.000292638927930966
2022-02-28,2,1,59,2022,9,-0.249408721923828,-0.981517791748047,271.060516357422,280.188018798828,0
2022-03-15,3,2,74,2022,11,1.51335334777832,1.70262014865875,275.802368164062,285.159698486328,0
2022-03-16,3,2,75,2022,11,-1.1786003112793,-0.687128067016602,281.690093994141,286.580444335938,0.000737567723263055
2022-03-17,3,2,76,2022,11,1.06313264369965,-1.54894959926605,285.015747070312,288.648559570312,0.00129779183771461
2022-03-18,3,2,77,2022,11,1.28988265991211,2.27175641059875,283.478912353516,290.128204345703,3.35971526510548e-05
2022-03-19,3,2,78,2022,11,3.31431651115417,4.10951805114746,284.868988037109,292.536193847656,9.11951065063477e-05
2022-03-20,3,2,79,2022,11,3.53511881828308,-2.35108757019043,273.580474853516,287.096282958984,0
2022-03-21,3,2,80,2022,12,1.17860984802246,0.00254440307617188,273.642669677734,285.620574951172,0
2022-03-22,3,2,81,2022,12,1.09611260890961,2.43023872375488,277.727508544922,288.112854003906,0
2022-03-23,3,2,82,2022,12,-0.795749664306641,4.08276891708374,287.046722412109,290.429779052734,0.000183304146048613
2022-03-24,3,2,83,2022,12,1.72723639011383,3.34713673591614,286.944122314453,292.431304931641,4.82400246255565e-05
2022-03-25,3,2,84,2022,12,3.34280967712402,0.055512111634016,275.470794677734,287.763946533203,1.45037972743012e-06
2022-03-26,3,2,85,2022,12,4.24463796615601,-1.20928001403809,270.287109375,283.434387207031,1.02519989013672e-05
2022-03-27,3,2,86,2022,12,2.95753479003906,-1.91912269592285,265.760925292969,280.766387939453,0
2022-03-28,3,2,87,2022,13,2.35178565979004,-1.88791906833649,264.15087890625,279.928161621094,0
2022-03-29,3,2,88,2022,13,-0.485951095819473,-0.75395393371582,264.799713134766,279.396820068359,1.31130218505859e-06
2022-03-30,3,2,89,2022,13,-0.74113529920578,3.1054699420929,277.303344726562,285.565155029297,9.89437103271484e-06
2022-03-31,3,2,90,2022,13,1.52053391933441,6.1275897026062,289.032470703125,293.141937255859,0.00121629238128662
2022-04-01,4,2,91,2022,13,3.47315406799316,-1.09298193454742,275.308135986328,288.391021728516,0
2022-04-02,4,2,92,2022,13,-0.323855727910995,-0.243251800537109,271.954467773438,283.492706298828,0
2022-04-03,4,2,93,2022,13,2.29260563850403,-1.4610208272934,273.066009521484,286.646392822266,0
2022-04-04,4,2,94,2022,14,-0.809417724609375,0.679366409778595,273.112457275391,284.374450683594,0
2022-04-05,4,2,95,2022,14,-0.421132415533066,3.13414311408997,283.937164306641,288.340454101562,0.00126286351587623
2022-04-06,4,2,96,2022,14,2.13805842399597,2.00759243965149,287.384490966797,293.521942138672,0.000107049942016602
2022-04-07,4,2,97,2022,14,1.00490891933441,1.25455856323242,287.794342041016,290.865386962891,0.000458061695098877
2022-04-08,4,2,98,2022,14,2.32636523246765,1.04576301574707,275.124816894531,286.005645751953,1.60336494445801e-05
2022-04-09,4,2,99,2022,14,3.7843964099884,-0.524349212646484,271.379547119141,281.819610595703,9.47713851928711e-06
2022-04-10,4,2,100,2022,14,3.33776593208313,-0.341129302978516,271.537139892578,282.962158203125,0
2022-04-11,4,2,101,2022,15,1.93868768215179,2.39842295646667,278.269897460938,289.861846923828,0
2022-04-12,4,2,102,2022,15,2.60001111030579,1.81876504421234,283.929962158203,293.6484375,1.5834966688999e-05
2022-04-13,4,2,103,2022,15,1.64284706115723,3.50669932365417,286.717163085938,294.414123535156,0
2022-04-14,4,2,104,2022,15,2.30547976493835,1.97475814819336,286.242706298828,294.271942138672,2.49942149821436e-05
2022-04-15,4,2,105,2022,15,-0.936006546020508,-0.382464736700058,272.761566162109,290.019317626953,0
2022-04-16,4,2,106,2022,15,1.96581840515137,2.3864688873291,282.754211425781,289.620971679688,0.000157376125571318
2022-04-17,4,2,107,2022,15,-0.866077423095703,-1.44787919521332,281.393432617188,291.2646484375,0
2022-04-18,4,2,108,2022,16,-1.6583309173584,-2.53351211547852,277.704742431641,280.774932861328,0.00142765045166016
2022-04-19,4,2,109,2022,16,3.05043292045593,-1.91302812099457,271.765838623047,281.921630859375,0
2022-04-20,4,2,110,2022,16,-0.817356765270233,0.376984924077988,273.102233886719,283.15283203125,0
2022-04-21,4,2,111,2022,16,0.5262730717659,2.19014811515808,280.349334716797,288.059692382812,0
2022-04-22,4,2,112,2022,16,0.29354539513588,0.247365310788155,284.946044921875,293.004241943359,0
2022-04-23,4,2,113,2022,16,0.286383956670761,2.51949048042297,286.363250732422,294.047729492188,4.76837158203125e-07
2022-04-24,4,2,114,2022,16,1.87934815883636,2.66622471809387,286.426300048828,295.075653076172,0
2022-04-25,4,2,115,2022,17,1.84623718261719,2.37238502502441,286.252899169922,295.277465820312,0
2022-04-26,4,2,116,2022,17,2.23193669319153,0.996316254138947,286.945739746094,294.219207763672,3.2405059755547e-05
2022-04-27,4,2,117,2022,17,1.93985688686371,-3.38807368278503,274.486175537109,288.405975341797,0
2022-04-28,4,2,118,2022,17,0.805533707141876,-2.28937411308289,274.050659179688,287.756103515625,0
2022-04-29,4,2,119,2022,17,-1.55145132541656,-0.75871467590332,276.244598388672,287.840972900391,3.97364310344983e-08
2022-04-30,4,2,120,2022,17,-0.457556396722794,0.0459423065185547,283.552459716797,290.010589599609,9.38177108764648e-05
2022-05-15,5,3,135,2022,19,1.20398199558258,1.17984712123871,290.030303955078,295.280059814453,4.32332344644237e-05
2022-05-16,5,3,136,2022,20,2.07329440116882,0.674868881702423,289.755554199219,296.498657226562,7.2439514042344e-05
2022-05-17,5,3,137,2022,20,1.89266073703766,-0.86639279127121,282.399475097656,294.595184326172,0
2022-05-18,5,3,138,2022,20,0.737003982067108,1.31345617771149,284.097564697266,295.973541259766,0
2022-05-19,5,3,139,2022,20,2.26480865478516,1.61845016479492,289.055541992188,299.630462646484,6.56445845379494e-05
2022-05-20,5,3,140,2022,20,1.8362489938736,2.90666270256042,290.355682373047,300.465057373047,6.25848770141602e-06
2022-05-21,5,3,141,2022,20,1.20436096191406,2.65326046943665,292.833679199219,298.666107177734,0.000517706095706671
2022-05-22,5,3,142,2022,20,2.03714060783386,2.06020426750183,292.823577880859,297.186737060547,9.77516174316406e-05
2022-05-23,5,3,143,2022,21,-0.605612456798553,-0.595956802368164,291.872955322266,295.086944580078,0.000898559868801385
2022-05-24,5,3,144,2022,21,-0.389930099248886,-1.10318374633789,290.101531982422,292.029022216797,0.000454525143140927
2022-05-25,5,3,145,2022,21,-1.97918701171875,-1.52391624450684,287.596923828125,290.269195556641,1.01327896118164e-06
2022-05-26,5,3,146,2022,21,-1.63259947299957,0.950490295886993,289.989807128906,293.037078857422,2.29080524150049e-05
2022-05-27,5,3,147,2022,21,0.472308486700058,3.72901082038879,292.689666748047,295.856353759766,0.000518620014190674
2022-05-28,5,3,148,2022,21,0.894814193248749,-0.427818924188614,288.276062011719,294.603912353516,2.12589907278016e-06
2022-05-29,5,3,149,2022,21,-1.06233847141266,-0.429902404546738,289.380584716797,295.977905273438,1.3907749973896e-07
2022-05-30,5,3,150,2022,22,-0.406612396240234,1.14987564086914,292.057708740234,297.938568115234,1.34309129862231e-05
2022-05-31,5,3,151,2022,22,1.21899604797363,1.2627671957016,291.2802734375,299.230743408203,0
2022-06-01,6,3,152,2022,22,1.1957950592041,-0.0679124221205711,292.150512695312,299.931793212891,1.05698900370044e-05
2022-06-02,6,3,153,2022,22,1.89686262607574,0.36297544836998,292.559326171875,300.028778076172,2.10603070627258e-06
2022-06-03,6,3,154,2022,22,0.505625426769257,-1.99659287929535,289.516479492188,296.695678710938,2.38418579101562e-07
2022-06-04,6,3,155,2022,22,-1.38065659999847,-1.67993545532227,284.336395263672,296.054595947266,0
2022-06-05,6,3,156,2022,22,-2.29814219474792,-0.826913177967072,283.321502685547,295.4287109375,0
2022-06-06,6,3,157,2022,23,-1.52133369445801,0.54716557264328,284.762115478516,295.186492919922,0
2022-06-07,6,3,158,2022,23,0.284239441156387,2.34883952140808,289.741424560547,297.035797119141,5.30481338500977e-06
2022-06-08,6,3,159,2022,23,0.674298584461212,1.6753648519516,293.046752929688,298.830627441406,0.000111063323856797
2022-06-09,6,3,160,2022,23,2.07152056694031,-0.873067200183868,289.9072265625,299.823211669922,2.38418579101562e-07
2022-06-10,6,3,161,2022,23,-0.243209198117256,-1.34458673000336,284.961090087891,295.843414306641,2.12589907278016e-06
2022-06-11,6,3,162,2022,23,-0.439983367919922,1.09949052333832,288.170684814453,296.416442871094,3.1391780339618e-06
2022-06-12,6,3,163,2022,23,0.941270172595978,1.48299086093903,293.4208984375,298.905029296875,2.43981685343897e-05
2022-06-13,6,3,164,2022,24,1.20680868625641,1.42831099033356,294.406280517578,302.412689208984,1.2516975402832e-06
2022-06-14,6,3,165,2022,24,2.01396179199219,-0.389014571905136,293.981781005859,301.927734375,9.55661162151955e-05
2022-06-15,6,3,166,2022,24,-1.56937539577484,0.201311752200127,295.150970458984,301.916961669922,5.90085983276367e-06
2022-06-16,6,3,167,2022,24,1.21628379821777,2.0359890460968,294.443084716797,300.993927001953,1.5536943465122e-05
2022-06-17,6,3,168,2022,24,3.3930766582489,-0.868471145629883,292.578582763672,301.439910888672,7.79430047259666e-05
2022-06-18,6,3,169,2022,24,2.07949757575989,-3.02349853515625,286.530059814453,298.906585693359,0
2022-06-19,6,3,170,2022,24,0.217617675662041,-2.55391192436218,277.879974365234,294.554290771484,0
2022-06-20,6,3,171,2022,25,0.138222381472588,-1.39779412746429,281.160614013672,294.688446044922,0
2022-06-21,6,3,172,2022,25,0.792240798473358,0.11405435949564,285.212066650391,297.210357666016,1.68879830653168e-06
2022-06-22,6,3,173,2022,25,1.47415292263031,-0.970106780529022,287.549835205078,301.089813232422,2.7815499947792e-07
2022-06-23,6,3,174,2022,25,-0.883598327636719,-1.00262129306793,292.172332763672,300.178955078125,2.09013614949072e-05
2022-06-24,6,3,175,2022,25,-1.48230743408203,0.111810684204102,291.100494384766,298.716186523438,7.94728620689966e-08
2022-06-25,6,3,176,2022,25,-1.15603315830231,1.15222418308258,290.658325195312,299.0703125,1.85171757038916e-05
2022-06-26,6,3,177,2022,25,1.00935804843903,1.49570846557617,289.983612060547,299.639038085938,3.03983688354492e-06
2022-06-27,6,3,178,2022,26,1.55701172351837,1.10909330844879,293.134002685547,299.459930419922,2.7775764465332e-05
2022-06-28,6,3,179,2022,26,-1.10832631587982,-1.36180686950684,285.709869384766,298.249542236328,3.51667404174805e-06
2022-06-29,6,3,180,2022,26,-1.19164144992828,1.29999732971191,291.874328613281,297.558135986328,9.76324081420898e-05
2022-06-30,6,3,181,2022,26,-0.464125961065292,1.31902635097504,292.210540771484,299.338714599609,7.35123933282011e-07
2023-01-15,1,1,15,2023,2,1.29773139953613,-2.82253074645996,264.721862792969,275.457885742188,0
2023-01-16,1,1,16,2023,3,0.989894211292267,0.108762107789516,267.149749755859,277.366790771484,0
2023-01-17,1,1,17,2023,3,2.81401515007019,2.18945384025574,277.245086669922,282.08203125,0.000300824642181396
2023-01-18,1,1,18,2023,3,2.33112788200378,1.5141487121582,282.044677734375,286.113250732422,3.77496093051377e-07
2023-01-19,1,1,19,2023,3,1.87615776062012,4.26065015792847,285.212127685547,288.374969482422,2.79347095784033e-05
2023-01-20,1,1,20,2023,3,3.43517184257507,-1.4104722738266,273.463165283203,284.939910888672,0
2023-01-21,1,1,21,2023,3,-0.0786692276597023,-1.79144728183746,269.77978515625,277.626617431641,0
2023-01-22,1,1,22,2023,3,-0.985832214355469,-0.201965972781181,274.775634765625,277.079193115234,0.000765283883083612
2023-01-23,1,1,23,2023,4,3.2973644733429,-0.931304931640625,274.045440673828,279.813568115234,9.44336279644631e-05
2023-01-24,1,1,24,2023,4,1.36631262302399,0.517704010009766,269.739379882812,277.335540771484,0
2023-01-25,1,1,25,2023,4,-0.652977645397186,2.26599383354187,279.001373291016,281.582611083984,0.000787715136539191
2023-01-26,1,1,26,2023,4,3.88049578666687,-0.155118942260742,273.881378173828,281.134490966797,2.19345092773438e-05
2023-01-27,1,1,27,2023,4,2.485844373703,0.368479400873184,268.073364257812,276.845581054688,0
2023-01-28,1,1,28,2023,4,1.57117402553558,1.77605819702148,269.619567871094,279.659881591797,0
2023-01-29,1,1,29,2023,4,1.14796507358551,1.75839483737946,274.072143554688,280.540435791016,8.2512699009385e-05
2023-01-30,1,1,30,2023,5,0.702746093273163,0.176851272583008,281.934967041016,284.246551513672,0.000239829227211885
2023-01-31,1,1,31,2023,5,0.726256668567657,1.3992315530777,284.287078857422,285.283447265625,0.000161747142556123
2023-02-01,2,1,32,2023,5,-1.60349977016449,-1.98271369934082,277.698211669922,279.098052978516,0.000200867652893066
2023-02-02,2,1,33,2023,5,-0.0796082839369774,0.43045362830162,276.744354248047,277.533599853516,0.000326136738294736
2023-02-03,2,1,34,2023,5,2.50574612617493,-2.59849619865417,269.172088623047,278.32373046875,2.46365871134913e-05
2023-02-04,2,1,35,2023,5,-0.627849578857422,0.501171767711639,260.767242431641,272.5244140625,0
2023-02-05,2,1,36,2023,5,1.1206111907959,2.56373405456543,270.196990966797,278.365814208984,0
2023-02-06,2,1,37,2023,6,2.08706212043762,-1.59877526760101,274.008636474609,282.876342773438,0
2023-02-07,2,1,38,2023,6,-0.148459121584892,1.27212274074554,273.280029296875,281.6455078125,0
2023-02-08,2,1,39,2023,6,2.08108448982239,1.06692063808441,277.698577880859,287.021148681641,0
2023-02-09,2,1,40,2023,6,1.50162315368652,4.06202125549316,284.039978027344,289.702026367188,1.66893005371094e-06
2023-02-10,2,1,41,2023,6,2.16551470756531,-0.32745361328125,281.368072509766,290.812896728516,5.51144294149708e-05
2023-02-11,2,1,42,2023,6,-1.60128915309906,-2.26702380180359,271.670654296875,283.85595703125,0.000101367630122695
2023-02-12,2,1,43,2023,6,-1.88235986232758,-3.95401120185852,276.050506591797,277.142730712891,0.00146029388997704
2023-02-13,2,1,44,2023,7,3.04499626159668,-1.27563607692719,272.470367431641,282.979400634766,3.43521423928905e-05
2023-02-14,2,1,45,2023,7,0.598974227905273,0.430927902460098,271.688385009766,284.775512695312,0
2023-02-15,2,1,46,2023,7,1.64662992954254,2.98223423957825,278.676666259766,287.209747314453,3.01996874441102e-06
2023-02-16,2,1,47,2023,7,2.32085728645325,3.31839299201965,285.3046875,290.347045898438,1.04506807474536e-05
2023-02-17,2,1,48,2023,7,3.18711733818054,1.04852485656738,283.163482666016,287.576202392578,0.000421623379224911
2023-02-18,2,1,49,2023,7,0.565083801746368,-1.31938230991364,267.329956054688,277.077819824219,0
2023-02-19,2,1,50,2023,7,1.22632849216461,2.91363644599915,274.274688720703,281.195343017578,2.58286803500596e-07
2023-02-20,2,1,51,2023,8,1.69462525844574,1.85737669467926,279.480743408203,285.365417480469,2.40405406657374e-05
2023-02-21,2,1,52,2023,8,3.52849125862122,0.526135146617889,280.348663330078,289.314453125,4.03324747821898e-06
2023-02-22,2,1,53,2023,8,0.55097770690918,2.30222010612488,282.167114257812,289.339721679688,2.22523999582336e-06
2023-02-23,2,1,54,2023,8,3.63457369804382,2.94278979301453,289.195587158203,295.028289794922,3.43918800354004e-05
2023-02-24,2,1,55,2023,8,1.43705236911774,-2.23761820793152,276.869964599609,291.496307373047,4.96705354180449e-07
2023-02-25,2,1,56,2023,8,-0.93298465013504,0.859175980091095,275.485015869141,281.758758544922,0.000149567917105742
2023-02-26,2,1,57,2023,8,1.16866552829742,0.82536381483078,281.206878662109,282.769775390625,0
2023-02-27,2,1,58,2023,9,0.126883819699287,1.71498239040375,281.793701171875,286.278198242188,7.11480752215721e-05
2023-02-28,2,1,59,2023,9,3.4299144744873,-0.0979607924818993,281.239135742188,292.174926757812,0
2023-03-15,3,2,74,2023,11,2.59211659431458,-2.9567813873291,263.544677734375,278.375030517578,0
2023-03-16,3,2,75,2023,11,1.26926612854004,1.06486642360687,267.707641601562,282.153656005859,0
2023-03-17,3,2,76,2023,11,2.94203066825867,4.44615364074707,280.234130859375,287.384857177734,0.000435968249803409
2023-03-18,3,2,77,2023,11,2.37564969062805,-2.01492381095886,273.701812744141,283.729400634766,6.17106779827736e-05
2023-03-19,3,2,78,2023,11,1.42658865451813,-2.79736399650574,264.6865234375,278.251251220703,0
2023-03-20,3,2,79,2023,12,-0.155354186892509,-2.04640507698059,263.532989501953,276.795135498047,0
2023-03-21,3,2,80,2023,12,-0.261892318725586,1.14825189113617,266.287078857422,280.444152832031,0
2023-03-22,3,2,81,2023,12,0.968378067016602,1.84689462184906,275.913238525391,283.797882080078,5.62866516702343e-05
2023-03-23,3,2,82,2023,12,3.04579424858093,3.22901463508606,284.272094726562,290.474151611328,1.78813934326172e-07
2023-03-24,3,2,83,2023,12,2.52030944824219,2.85163807868958,285.990509033203,295.065307617188,0
2023-03-25,3,2,84,2023,12,1.37838745117188,3.77435302734375,286.025665283203,292.728729248047,6.61611557006836e-06
2023-03-26,3,2,85,2023,12,0.335795730352402,0.297406524419785,283.014678955078,290.174255371094,0.000145773097756319
2023-03-27,3,2,86,2023,13,1.63783204555511,1.55203688144684,287.670166015625,291.988494873047,0.000359455734724179
2023-03-28,3,2,87,2023,13,-0.287685394287109,-2.1405086517334,279.592193603516,287.769165039062,0.000278433173662052
2023-03-29,3,2,88,2023,13,0.0276273097842932,-1.0447940826416,276.853088378906,283.408599853516,2.54710521403467e-05
2023-03-30,3,2,89,2023,13,-0.00287946057505906,0.016886392608285,273.627716064453,285.086517333984,0
2023-03-31,3,2,90,2023,13,0.820456206798553,3.4339611530304,282.136566162109,287.482696533203,7.33733177185059e-05
2023-04-01,4,2,91,2023,13,3.83413314819336,4.94136571884155,285.667694091797,293.340484619141,0.000119606651423965
2023-04-02,4,2,92,2023,13,0.905297577381134,-1.96625959873199,274.468475341797,286.002685546875,0
2023-04-03,4,2,93,2023,14,-0.462540954351425,2.65923953056335,280.998870849609,287.042236328125,1.12255411295337e-05
2023-04-04,4,2,94,2023,14,0.816352188587189,1.61177062988281,286.171722412109,293.589324951172,3.97364310344983e-08
2023-04-05,4,2,95,2023,14,1.37825202941895,2.95392799377441,289.387573242188,296.172332763672,1.80800759608246e-06
2023-04-06,4,2,96,2023,14,1.34939897060394,2.45798873901367,291.264556884766,296.036590576172,0.000615199387539178
2023-04-07,4,2,97,2023,14,-2.24727439880371,-3.41358304023743,283.576446533203,284.684722900391,0.00107161200139672
2023-04-08,4,2,98,2023,14,-2.41218948364258,-2.57698178291321,277.759094238281,279.498657226562,0.000838696956634521
2023-04-09,4,2,99,2023,14,-2.6485698223114,-2.75738072395325,273.410400390625,282.611572265625,1.52587890625e-05
2023-04-10,4,2,100,2023,15,-1.78282737731934,-0.773739516735077,272.028350830078,283.362884521484,0
2023-04-11,4,2,101,2023,15,1.30953466892242,1.12378311157227,274.949371337891,286.151062011719,0
2023-04-12,4,2,102,2023,15,2.51594233512878,0.722028076648712,276.995574951172,291.309814453125,0
2023-04-13,4,2,103,2023,15,1.29677963256836,1.97293090820312,280.528656005859,292.400573730469,0
2023-04-14,4,2,104,2023,15,-0.389349609613419,1.31755769252777,288.628936767578,291.395690917969,0.000395496696000919
2023-04-15,4,2,105,2023,15,2.20242190361023,1.22818946838379,287.523468017578,292.935546875,2.44975090026855e-05
2023-04-16,4,2,106,2023,15,1.6294059753418,2.24582934379578,287.752838134766,292.863067626953,3.66568565368652e-05
2023-04-17,4,2,107,2023,16,3.72593808174133,0.219116851687431,276.9716796875,289.809356689453,8.34465026855469e-07
2023-04-18,4,2,108,2023,16,3.38446307182312,0.769754409790039,274.056274414062,290.162475585938,0
2023-04-19,4,2,109,2023,16,1.60838568210602,0.912626922130585,279.871276855469,293.555267333984,0
2023-04-20,4,2,110,2023,16,1.67035484313965,2.05064463615417,282.090087890625,295.400726318359,0
2023-04-21,4,2,111,2023,16,1.21127760410309,2.90891456604004,283.2138671875,294.978637695312,0
2023-04-22,4,2,112,2023,16,0.56761234998703,1.60716438293457,285.818725585938,290.335601806641,0.000576774298679084
2023-04-23,4,2,113,2023,16,1.99510824680328,-0.119414009153843,278.302062988281,287.872894287109,1.78813934326172e-07
2023-04-24,4,2,114,2023,17,-0.0167897548526525,-1.537064909935,273.905975341797,286.625030517578,0
2023-04-25,4,2,115,2023,17,-0.866072356700897,-1.0108083486557,275.182708740234,285.753936767578,5.94059611103148e-06
2023-04-26,4,2,116,2023,17,-0.782355606555939,1.13959884643555,280.180816650391,287.137451171875,2.33252849284327e-05
2023-04-27,4,2,117,2023,17,-2.07900881767273,0.114927925169468,285.382049560547,287.850372314453,0.00053781270980835
2023-04-28,4,2,118,2023,17,-0.688566863536835,0.0183556880801916,288.627197265625,291.827911376953,0.000884751498233527
2023-04-29,4,2,119,2023,17,-0.661060333251953,-0.17521858215332,287.952270507812,291.020141601562,8.14596842246829e-06
2023-04-30,4,2,120,2023,17,1.07114028930664,-0.699927031993866,286.5390625,291.3037109375,0.000646313012111932
2023-05-15,5,3,135,2023,20,-1.73485505580902,0.572785675525665,283.997222900391,293.264068603516,0
2023-05-16,5,3,136,2023,20,2.02508926391602,2.93085479736328,288.627502441406,296.218139648438,3.12328338623047e-05
2023-05-17,5,3,137,2023,20,0.571134567260742,-1.53229081630707,285.056121826172,296.168395996094,3.33786010742188e-06
2023-05-18,5,3,138,2023,20,-3.53522109985352,-0.377301543951035,282.703491210938,292.141082763672,0
2023-05-19,5,3,139,2023,20,-2.38789820671082,-1.41573774814606,285.96484375,290.992218017578,0.000173330307006836
2023-05-20,5,3,140,2023,20,1.16174829006195,0.28978219628334,288.295989990234,293.486083984375,3.66767235391308e-05
2023-05-21,5,3,141,2023,20,-0.540547668933868,-1.47255384922028,286.798980712891,294.163452148438,1.83979664143408e-05
2023-05-22,5,3,142,2023,21,-1.89131605625153,-1.09379899501801,282.640899658203,293.708312988281,0
2023-05-23,5,3,143,2023,21,-3.15714192390442,-1.61584985256195,280.92919921875,293.011444091797,0
2023-05-24,5,3,144,2023,21,-1.68684768676758,-2.17344784736633,276.799652099609,292.084869384766,1.13248825073242e-06
2023-05-25,5,3,145,2023,21,-2.0537109375,-2.4409351348877,281.770416259766,291.390899658203,3.97364310344983e-08
2023-05-26,5,3,146,2023,21,-3.31569361686707,-2.6131579875946,279.166351318359,290.331207275391,0
2023-05-27,5,3,147,2023,21,-3.06436729431152,-3.56063961982727,280.157684326172,288.261108398438,0.000318388134473935
2023-05-28,5,3,148,2023,21,-2.36552739143372,-4.21547508239746,287.427032470703,288.379516601562,0.00105547904968262
2023-05-29,5,3,149,2023,22,-0.619316101074219,-1.05457937717438,290.883148193359,292.246917724609,0.000731368840206414
2023-05-30,5,3,150,2023,22,-2.10160183906555,-1.99181175231934,290.334259033203,292.204803466797,5.68230934732128e-05
2023-05-31,5,3,151,2023,22,-1.46421873569489,-1.46224653720856,289.396728515625,292.967956542969,4.61538620584179e-05
2023-06-01,6,3,152,2023,22,-1.24987852573395,-1.87476980686188,289.223999023438,293.550018310547,1.56561527546728e-05
2023-06-02,6,3,153,2023,22,-1.29004347324371,-1.95352613925934,289.049530029297,296.051666259766,7.94728620689966e-08
2023-06-03,6,3,154,2023,22,-1.11571252346039,-1.34116613864899,288.772735595703,296.348663330078,8.0863637776929e-06
2023-06-04,6,3,155,2023,22,-2.22184491157532,-1.33661079406738,286.985321044922,291.689727783203,8.94069671630859e-07
2023-06-05,6,3,156,2023,23,0.642241775989532,0.0215028133243322,287.054840087891,293.584594726562,3.77496093051377e-07
2023-06-06,6,3,157,2023,23,1.92788445949554,-0.366036742925644,287.083740234375,295.322296142578,1.2675921425398e-05
2023-06-07,6,3,158,2023,23,2.47488903999329,0.00134595239069313,287.208953857422,291.244110107422,0.000229100391152315
2023-06-08,6,3,159,2023,23,1.72675764560699,-2.04675674438477,281.841064453125,292.297912597656,0
2023-06-09,6,3,160,2023,23,1.04732131958008,-1.3510195016861,280.659301757812,292.629547119141,0
2023-06-10,6,3,161,2023,23,1.60845506191254,0.688389480113983,283.275665283203,294.541137695312,0
2023-06-11,6,3,162,2023,23,1.24059808254242,2.65044665336609,287.337493896484,295.488891601562,6.05583190917969e-05
2023-06-12,6,3,163,2023,24,1.72773683071136,1.24811553955078,291.348114013672,296.3212890625,0.000293652206892148
2023-06-13,6,3,164,2023,24,1.17231500148773,-0.156531020998955,286.411437988281,294.735992431641,7.62939453125e-06
2023-06-14,6,3,165,2023,24,3.52384757995605,1.48430252075195,285.418975830078,295.978851318359,1.98682155172492e-08
2023-06-15,6,3,166,2023,24,1.76933228969574,0.707974135875702,288.967376708984,297.795745849609,1.15235650355316e-06
2023-06-16,6,3,167,2023,24,2.38314437866211,-0.394877761602402,288.650604248047,298.604827880859,1.07288360595703e-06
2023-06-17,6,3,168,2023,24,1.45099449157715,-1.8309828042984,284.9541015625,296.613830566406,0
2023-06-18,6,3,169,2023,24,-0.188344955444336,-0.687718689441681,285.783477783203,297.169616699219,0
2023-06-19,6,3,170,2023,25,-1.12248361110687,2.15474438667297,292.373291015625,296.552947998047,0.00102798140142113
2023-06-20,6,3,171,2023,25,-3.25649571418762,-0.359796524047852,293.201690673828,295.038421630859,0.00101109349634498
2023-06-21,6,3,172,2023,25,-2.38295865058899,-3.40351676940918,291.059600830078,292.510131835938,0.000424345344072208
2023-06-22,6,3,173,2023,25,-1.73624360561371,-0.922681152820587,291.997833251953,293.28759765625,0.000672638416290283
2023-06-23,6,3,174,2023,25,0.692255020141602,1.51722776889801,293.917694091797,296.618255615234,0.000380575656890869
2023-06-24,6,3,175,2023,25,1.66031968593597,0.110106788575649,292.584289550781,297.366363525391,3.1590461730957e-06
2023-06-25,6,3,176,2023,25,1.75514853000641,0.0476016998291016,292.275146484375,298.876068115234,1.3748805031355e-05
2023-06-26,6,3,177,2023,26,1.93351495265961,2.4610583782196,292.516265869141,298.890808105469,0.000351885944837704
2023-06-27,6,3,178,2023,26,2.30802035331726,-0.176197692751884,290.816986083984,297.799896240234,3.11930966745422e-06
2023-06-28,6,3,179,2023,26,0.820918381214142,-1.77417945861816,289.935791015625,298.123931884766,3.97364310344983e-08
2023-06-29,6,3,180,2023,26,-0.448862701654434,-0.907691955566406,289.738922119141,297.876373291016,0
2023-06-30,6,3,181,2023,26,-0.45866522192955,1.71487998962402,292.85498046875,298.164672851562,0.000196476772543974
2024-01-15,1,1,15,2024,3,-1.41637933254242,-1.25571310520172,270.443267822266,277.568481445312,1.21394796224195e-05
2024-01-16,1,1,16,2024,3,0.666968643665314,-2.37795066833496,269.632049560547,274,0.000203986957785673
2024-01-17,1,1,17,2024,3,2.32908701896667,-1.10208892822266,258.607879638672,270.358032226562,0
2024-01-18,1,1,18,2024,3,1.39845907688141,2.24272465705872,264.021423339844,275.051910400391,0
2024-01-19,1,1,19,2024,3,3.70770764350891,-1.0358110666275,267.866058349609,278.056091308594,3.01996874441102e-06
2024-01-20,1,1,20,2024,3,3.03766250610352,-3.64932513237,257.965698242188,270.590606689453,0
2024-01-21,1,1,21,2024,3,1.63507211208344,-2.42341685295105,258.823333740234,270.12255859375,0
2024-01-22,1,1,22,2024,4,0.644229888916016,1.33194100856781,263.101654052734,273.353149414062,0
2024-01-23,1,1,23,2024,4,0.8968785405159,0.838207900524139,270.323699951172,277.772918701172,4.18225936300587e-05
2024-01-24,1,1,24,2024,4,-0.695926666259766,2.55077362060547,283.591064453125,286.064697265625,7.45058059692383e-06
2024-01-25,1,1,25,2024,4,0.816849410533905,3.35547065734863,290.526031494141,290.912963867188,0.000558376312255859
2024-01-26,1,1,26,2024,4,2.10802531242371,2.80227160453796,289.984161376953,292.558868408203,5.56707382202148e-05
2024-01-27,1,1,27,2024,4,-1.15867102146149,-0.707710266113281,285.039642333984,287.449493408203,0.000726322352420539
2024-01-28,1,1,28,2024,4,2.51945948600769,0.669379532337189,281.7216796875,286.278778076172,0.00023092825722415
2024-01-29,1,1,29,2024,5,2.37144541740417,-3.22748947143555,271.828460693359,280.694580078125,0
2024-01-30,1,1,30,2024,5,-1.12800848484039,-0.0436134338378906,271.61376953125,277.173675537109,3.22858504659962e-05
2024-01-31,1,1,31,2024,5,-0.874701797962189,-1.13495695590973,276.037475585938,278.428375244141,0.000137587383505888
2024-02-01,2,1,32,2024,5,1.92093515396118,-0.06268310546875,273.661285400391,278.671752929688,0
2024-02-02,2,1,33,2024,5,1.73107850551605,-1.76059782505035,275.449157714844,283.077087402344,0
2024-02-03,2,1,34,2024,5,-0.922756195068359,-1.46005570888519,271.801422119141,277.787261962891,0
2024-02-04,2,1,35,2024,5,-1.60683691501617,-0.79876834154129,270.921173095703,277.590942382812,0
2024-02-05,2,1,36,2024,6,-2.09374499320984,-1.84521043300629,270.180938720703,278.929656982422,0
2024-02-06,2,1,37,2024,6,-1.94956588745117,-3.18169403076172,269.116790771484,277.981597900391,0
2024-02-07,2,1,38,2024,6,-1.01038801670074,-1.98143446445465,267.194793701172,276.351654052734,0
2024-02-08,2,1,39,2024,6,0.217830657958984,1.93521690368652,269.991241455078,277.818603515625,0
2024-02-09,2,1,40,2024,6,2.47440457344055,2.0344295501709,275.515899658203,282.787445068359,3.00407409667969e-05
2024-02-10,2,1,41,2024,6,3.02578234672546,1.69641816616058,283.559326171875,287.759613037109,0.000124017402413301
2024-02-11,2,1,42,2024,6,0.375652939081192,0.092629112303257,285.792633056641,286.559356689453,0.000834842503536493
2024-02-12,2,1,43,2024,7,-1.03429222106934,0.697031021118164,285.583374023438,286.115478515625,0.000553826510440558
2024-02-13,2,1,44,2024,7,3.35396766662598,-1.18156182765961,274.93115234375,283.897491455078,0.000147422149893828
2024-02-14,2,1,45,2024,7,2.9959819316864,-0.474804550409317,271.770660400391,281.028778076172,1.9868214451435e-07
2024-02-15,2,1,46,2024,7,0.950113952159882,1.32347047328949,273.448638916016,282.294586181641,0
2024-02-16,2,1,47,2024,7,0.936184585094452,-0.17144139111042,272.541900634766,283.118133544922,0
2024-02-17,2,1,48,2024,7,2.19479823112488,-2.23673439025879,270.272369384766,280.277984619141,0
2024-02-18,2,1,49,2024,7,1.52597749233246,0.162766769528389,265.176361083984,275.048461914062,0
2024-02-19,2,1,50,2024,8,0.0373776741325855,-1.38913154602051,267.2529296875,277.893524169922,0
2024-02-20,2,1,51,2024,8,-1.86926019191742,-0.204235076904297,269.935974121094,277.434051513672,0
2024-02-21,2,1,52,2024,8,-1.03599226474762,-0.314133316278458,271.420379638672,278.008148193359,0
2024-02-22,2,1,53,2024,8,1.19268667697906,3.81158638000488,273.286010742188,283.405364990234,2.08020210266113e-05
2024-02-23,2,1,54,2024,8,2.58811950683594,1.18200302124023,279.313446044922,284.714813232422,0.000174025699379854
2024-02-24,2,1,55,2024,8,2.97938227653503,-1.3315601348877,273.631500244141,281.019958496094,6.91215172992088e-05
2024-02-25,2,1,56,2024,8,0.663218200206757,-0.444529205560684,269.154510498047,277.705780029297,0
2024-02-26,2,1,57,2024,9,2.10446238517761,3.18266749382019,274.136016845703,285.115356445312,3.33786010742188e-06
2024-02-27,2,1,58,2024,9,1.48142874240875,4.54352903366089,280.623870849609,285.635192871094,0.000120262302516494
2024-02-28,2,1,59,2024,9,3.84484100341797,4.07177782058716,283.803070068359,289.641632080078,0.000472962856292725
2024-03-15,3,2,75,2024,11,2.81511116027832,2.19535326957703,284.535003662109,290.513671875,0.00020084778952878
2024-03-16,3,2,76,2024,11,0.83709591627121,-0.518987655639648,283.32666015625,289.440612792969,3.97364289028701e-07
2024-03-17,3,2,77,2024,11,2.3788001537323,1.23999655246735,281.897308349609,289.876678466797,2.18550368913384e-07
2024-03-18,3,2,78,2024,12,2.41784930229187,-2.57661437988281,268.850677490234,284.755310058594,7.94728620689966e-08
2024-03-19,3,2,79,2024,12,2.85943984985352,-0.367937713861465,265.996368408203,279.236602783203,0
2024-03-20,3,2,80,2024,12,3.83516764640808,1.01246893405914,270.605743408203,285.895202636719,0
2024-03-21,3,2,81,2024,12,-0.347673416137695,-1.3079776763916,270.614013671875,284.637786865234,0
2024-03-22,3,2,82,2024,12,-2.43958973884583,0.66485595703125,279.924530029297,283.693878173828,0.000327666610246524
2024-03-23,3,2,83,2024,12,-0.568769454956055,-3.22773432731628,282.349243164062,286.616485595703,0.000622828782070428
2024-03-24,3,2,84,2024,12,-1.99583566188812,-3.25992774963379,268.704833984375,279.430938720703,0
2024-03-25,3,2,85,2024,13,-2.24615931510925,-0.805133819580078,272.065521240234,280.705444335938,0
2024-03-26,3,2,86,2024,13,-2.38994216918945,0.274796158075333,274.915802001953,282.416015625,2.30669975280762e-05
2024-03-27,3,2,87,2024,13,-1.50139999389648,-0.871782958507538,281.641967773438,283.136352539062,0.00180794799234718
2024-03-28,3,2,88,2024,13,0.654850125312805,-3.60864758491516,278.148345947266,285.013946533203,1.80602073669434e-05
2024-03-29,3,2,89,2024,13,3.84187412261963,-0.859144866466522,272.669616699219,285.853363037109,5.16573607001192e-07
2024-03-30,3,2,90,2024,13,3.09489178657532,1.67692375183105,274.831329345703,289.257965087891,0
2024-03-31,3,2,91,2024,13,2.78441619873047,1.59168756008148,281.308837890625,292.492950439453,2.7815499947792e-07
2024-04-01,4,2,92,2024,14,2.63340640068054,2.08434867858887,286.428955078125,293.436126708984,0
2024-04-02,4,2,93,2024,14,2.59601974487305,2.75520133972168,289.050323486328,295.093536376953,5.16573607001192e-07
2024-04-03,4,2,94,2024,14,2.78336644172668,2.94274711608887,286.500152587891,291.851043701172,0.000663936138153076
2024-04-04,4,2,95,2024,14,4.6321849822998,0.115168891847134,272.446258544922,283.091705322266,1.34706497192383e-05
2024-04-05,4,2,96,2024,14,3.08025288581848,-1.74056684970856,272.073120117188,282.169586181641,0
2024-04-06,4,2,97,2024,14,1.79589593410492,-3.29418253898621,270.745330810547,282.350921630859,0
2024-04-07,4,2,98,2024,14,0.427023559808731,-0.90162593126297,274.18603515625,283.462066650391,0
2024-04-08,4,2,99,2024,15,1.10254228115082,2.47385334968567,279.644653320312,288.174743652344,4.28756065957714e-05
2024-04-09,4,2,100,2024,15,2.55762553215027,1.92372763156891,285.017700195312,288.587677001953,0.000143210098030977
2024-04-10,4,2,101,2024,15,0.827180206775665,1.98185157775879,287.356079101562,290.279449462891,0.00010440746700624
2024-04-11,4,2,102,2024,15,-1.53181517124176,5.13654470443726,289.90966796875,292.213348388672,0.000787675380706787
2024-04-12,4,2,103,2024,15,5.59228515625,1.04123878479004,279.652740478516,289.252532958984,3.70939560525585e-05
2024-04-13,4,2,104,2024,15,4.55790901184082,-1.22359526157379,275.836944580078,288.161590576172,0
2024-04-14,4,2,105,2024,15,2.21953392028809,1.83398056030273,278.582763671875,290.804473876953,0
2024-04-15,4,2,106,2024,16,2.82473254203796,1.86833763122559,283.010955810547,295.474273681641,0
2024-04-16,4,2,107,2024,16,-0.9019495844841,-0.332380294799805,286.812133789062,294.469482421875,0
2024-04-17,4,2,108,2024,16,1.29045045375824,3.24571800231934,287.66455078125,293.444854736328,7.94728620689966e-08
2024-04-18,4,2,109,2024,16,2.12691760063171,0.0167420711368322,285.886444091797,295.543853759766,0
2024-04-19,4,2,110,2024,16,-1.60372674465179,0.512048721313477,287.735565185547,291.82080078125,0.00014263391494751
2024-04-20,4,2,111,2024,16,0.389314025640488,-1.49818801879883,287.214752197266,292.282287597656,3.93390655517578e-06
2024-04-21,4,2,112,2024,16,-0.486405044794083,-2.61971664428711,279.724975585938,283.751098632812,0.000467856734758243
2024-04-22,4,2,113,2024,17,-0.417198807001114,-1.92887115478516,275.589385986328,282.63037109375,2.94049573312805e-06
2024-04-23,4,2,114,2024,17,1.91351759433746,2.17119145393372,276.625213623047,285.700622558594,0
2024-04-24,4,2,115,2024,17,2.53106689453125,1.42757546901703,282.009552001953,288.892547607422,6.84062615619041e-05
2024-04-25,4,2,116,2024,17,-0.991774260997772,-1.92240905761719,280.486694335938,289.129638671875,0
2024-04-26,4,2,117,2024,17,-2.34918928146362,0.0433699302375317,282.434478759766,287.619018554688,1.43051147460938e-06
2024-04-27,4,2,118,2024,17,-0.573783874511719,1.98132264614105,285.008178710938,290.936492919922,5.96046447753906e-08
2024-04-28,4,2,119,2024,17,2.10135722160339,2.70779156684875,287.291656494141,292.798370361328,1.58945724137993e-07
2024-04-29,4,2,120,2024,18,2.28976440429688,2.30981373786926,286.188598632812,293.826324462891,0
2024-04-30,4,2,121,2024,18,2.2730610370636,2.86354184150696,287.490203857422,293.679260253906,6.8744025156775e-06
2024-05-15,5,3,136,2024,20,-0.191158935427666,-1.07473242282867,289.615234375,290.796356201172,0.000369290501112118
2024-05-16,5,3,137,2024,20,0.571516692638397,-0.844490051269531,290.007690429688,293.284454345703,1.86562538146973e-05
2024-05-17,5,3,138,2024,20,-0.336156219244003,0.155846282839775,291.262084960938,293.801879882812,0.000198344394448213
2024-05-18,5,3,139,2024,20,0.0840314254164696,0.093889869749546,292.069915771484,293.808471679688,0.000286062568193302
2024-05-19,5,3,140,2024,20,-1.98656523227692,-1.83242273330688,288.679229736328,291.247406005859,1.85966491699219e-05
2024-05-20,5,3,141,2024,21,-1.24965536594391,-0.895255386829376,288.582672119141,292.748565673828,3.51667404174805e-06
2024-05-21,5,3,142,2024,21,-0.0777295455336571,0.702732086181641,288.680633544922,294.476501464844,0
2024-05-22,5,3,143,2024,21,1.13962614536285,2.28035426139832,289.923645019531,296.371124267578,6.1591464373123e-07
2024-05-23,5,3,144,2024,21,1.4545179605484,0.349051803350449,291.788482666016,296.612274169922,0.000125487640616484
2024-05-24,5,3,145,2024,21,0.729700088500977,-0.13590495288372,292.601348876953,295.780487060547,0.000688831030856818
2024-05-25,5,3,146,2024,21,0.763673782348633,0.519738495349884,292.209320068359,296.332794189453,0.000165104866027832
2024-05-26,5,3,147,2024,21,0.804553329944611,0.181463241577148,292.380157470703,297.360260009766,2.92062759399414e-06
2024-05-27,5,3,148,2024,22,1.96011221408844,2.65861439704895,292.296051025391,296.396759033203,6.94592818035744e-05
2024-05-28,5,3,149,2024,22,2.04207873344421,-0.670217514038086,288.806762695312,296.663330078125,7.15255737304688e-07
2024-05-29,5,3,150,2024,22,1.91995680332184,-1.25157988071442,285.294921875,295.069610595703,0
2024-05-30,5,3,151,2024,22,0.96095085144043,-2.08123517036438,283.088439941406,293.037139892578,0
2024-05-31,5,3,152,2024,22,-0.670188903808594,-2.13636517524719,279.334686279297,291.177459716797,0
2024-06-01,6,3,153,2024,22,-0.306088775396347,1.44754409790039,282.842620849609,291.156402587891,0
2024-06-02,6,3,154,2024,22,1.00973951816559,2.85359573364258,289.337280273438,293.643463134766,9.1592468379531e-05
2024-06-03,6,3,155,2024,23,1.49319326877594,1.91164398193359,292.300994873047,296.053802490234,7.36117362976074e-05
2024-06-04,6,3,156,2024,23,0.512322723865509,1.44170701503754,293.395050048828,297.185699462891,3.69151421182323e-05
2024-06-05,6,3,157,2024,23,1.50301706790924,2.59005165100098,293.513275146484,297.013824462891,6.66777268634178e-05
2024-06-06,6,3,158,2024,23,2.6385338306427,2.26712989807129,293.939636230469,297.621063232422,0.000136633709189482
2024-06-07,6,3,159,2024,23,2.45524477958679,-1.01241743564606,288.443084716797,298.460754394531,1.94708513845399e-06
2024-06-08,6,3,160,2024,23,1.33777368068695,-0.281103134155273,284.615081787109,296.396270751953,0
2024-06-09,6,3,161,2024,23,2.87943649291992,0.481912612915039,289.3359375,297.459686279297,0.000161131218192168
2024-06-10,6,3,162,2024,24,1.65211808681488,-0.551080703735352,285.850372314453,295.977752685547,4.80810786029906e-06
2024-06-11,6,3,163,2024,24,-0.303375244140625,-1.42324507236481,286.396240234375,295.106750488281,5.90085983276367e-06
2024-06-12,6,3,164,2024,24,-1.25683152675629,0.227785110473633,289.251678466797,296.050506591797,1.11262006612378e-05
2024-06-13,6,3,165,2024,24,-0.63908576965332,1.90740203857422,290.270202636719,297.615356445312,2.7815499947792e-07
2024-06-14,6,3,166,2024,24,0.711568832397461,1.01311492919922,290.551971435547,299.093536376953,3.97364310344983e-08
2024-06-15,6,3,167,2024,24,-1.31980836391449,-1.51976716518402,289.723358154297,299.7939453125,1.21196114832856e-06
2024-06-16,6,3,168,2024,24,-2.16276097297668,1.46833229064941,290.075775146484,298.262542724609,4.96705354180449e-07
2024-06-17,6,3,169,2024,25,-0.60883903503418,2.07858395576477,291.978271484375,299.012481689453,1.83979664143408e-05
2024-06-18,6,3,170,2024,25,-1.54671287536621,1.51611578464508,291.202270507812,298.580413818359,3.37759661306336e-06
2024-06-19,6,3,171,2024,25,-1.76255798339844,0.939191818237305,289.8330078125,297.776458740234,0
2024-06-20,6,3,172,2024,25,-1.35586929321289,0.780038833618164,290.463226318359,297.640441894531,2.02655792236328e-06
2024-06-21,6,3,173,2024,25,-0.368098586797714,1.46625137329102,290.189605712891,298.742950439453,0
2024-06-22,6,3,174,2024,25,1.09026777744293,1.92679786682129,293.104156494141,300.672973632812,3.17891431222961e-06
2024-06-23,6,3,175,2024,25,1.81815278530121,2.99788856506348,294.517333984375,301.76904296875,3.77496075998351e-06
2024-06-24,6,3,176,2024,26,1.03621482849121,-0.509238541126251,290.654876708984,302.889923095703,3.17891448275986e-07
2024-06-25,6,3,177,2024,26,-1.09196603298187,-0.0661684647202492,289.453369140625,300.348236083984,0
2024-06-26,6,3,178,2024,26,1.00088632106781,2.54157638549805,293.586303710938,302.422943115234,9.11951065063477e-06
2024-06-27,6,3,179,2024,26,0.230559036135674,0.446922302246094,293.641479492188,298.838958740234,7.01546669006348e-05
2024-06-28,6,3,180,2024,26,-2.06494784355164,0.684273421764374,291.376190185547,300.487152099609,0
2024-06-29,6,3,181,2024,26,-0.433379501104355,2.14661598205566,294.782196044922,302.063140869141,2.62260437011719e-06
2024-06-30,6,3,182,2024,26,1.15732133388519,1.62097358703613,296.597930908203,301.698974609375,0.000313560158247128
2025-01-15,1,1,15,2025,3,1.02436828613281,-1.97190856933594,260.720001220703,273.154907226562,0
2025-01-16,1,1,16,2025,3,2.14815592765808,2.12487292289734,265.563751220703,274.640289306641,0
2025-01-17,1,1,17,2025,3,0.6509068608284,0.104157127439976,269.474975585938,278.073425292969,0
2025-01-18,1,1,18,2025,3,0.99975460767746,2.66338467597961,274.963470458984,279.242553710938,2.51134242716944e-05
2025-01-19,1,1,19,2025,3,1.29457032680511,-1.04381501674652,277.312866210938,279.595977783203,0.000128070518258028
2025-01-20,1,1,20,2025,4,1.26511442661285,-2.64657783508301,259.798217773438,271.720825195312,0
2025-01-21,1,1,21,2025,4,-0.632468521595001,-2.03580546379089,255.959548950195,267.902221679688,5.00281639688183e-05
2025-01-22,1,1,22,2025,4,-0.962886810302734,-1.75398313999176,258.328735351562,268.167907714844,3.35772824655578e-06
2025-01-23,1,1,23,2025,4,1.08920919895172,0.6851527094841,260.153198242188,268.897125244141,0
2025-01-24,1,1,24,2025,4,2.19617581367493,-0.080696739256382,263.794281005859,273.174835205078,2.58286803500596e-07
2025-01-25,1,1,25,2025,4,0.952794373035431,0.502967178821564,265.861846923828,274.1103515625,0
2025-01-26,1,1,26,2025,4,2.59404444694519,1.19348967075348,266.616546630859,277.843719482422,9.5367431640625e-07
2025-01-27,1,1,27,2025,5,1.9238668680191,1.61184442043304,274.315399169922,279.781494140625,5.75979538552929e-05
2025-01-28,1,1,28,2025,5,3.64470028877258,1.1669921875,271.350921630859,281.128753662109,3.97364310344983e-08
2025-01-29,1,1,29,2025,5,4.02373504638672,1.07289755344391,270.374786376953,284.410797119141,0
2025-01-30,1,1,30,2025,5,-0.363556534051895,0.346442550420761,269.417541503906,283.104400634766,0
2025-01-31,1,1,31,2025,5,1.43595063686371,2.96170425415039,281.360412597656,286.712524414062,0.000793596089351922
2025-02-01,2,1,32,2025,5,1.94827520847321,-1.5629380941391,279.304718017578,285.517669677734,0.000249107688432559
2025-02-02,2,1,33,2025,5,-2.25550770759583,0.436732620000839,273.090057373047,280.380798339844,1.19209289550781e-07
2025-02-03,2,1,34,2025,6,1.43205201625824,2.09764289855957,278.514282226562,283.349304199219,0
2025-02-04,2,1,35,2025,6,2.60761642456055,-0.528659164905548,280.965972900391,289.265258789062,0
2025-02-05,2,1,36,2025,6,-2.82294654846191,-1.02881753444672,273.562377929688,281.159088134766,8.10623168945312e-06
2025-02-06,2,1,37,2025,6,0.978373825550079,1.91696226596832,278.696563720703,282.924377441406,2.61664390563965e-05
2025-02-07,2,1,38,2025,6,2.24392127990723,-0.90058708190918,278.450439453125,288.484252929688,1.61131229106104e-05
2025-02-08,2,1,39,2025,6,-1.78503668308258,-0.493375778198242,275.000030517578,281.664031982422,4.08689193136524e-05
2025-02-09,2,1,40,2025,6,1.08979737758636,-0.844563186168671,281.267181396484,288.536895751953,3.89615706808399e-05
2025-02-10,2,1,41,2025,7,-1.69642639160156,-2.0352737903595,275.128509521484,278.55126953125,0.000112732253910508
2025-02-11,2,1,42,2025,7,-2.15218353271484,-0.659539520740509,272.396026611328,274.678466796875,0.000621199607849121
2025-02-12,2,1,43,2025,7,-1.52877295017242,-1.55213987827301,274.005035400391,274.658325195312,0.00114266073796898
2025-02-13,2,1,44,2025,7,2.01083302497864,0.302201598882675,277.324554443359,280.033355712891,0.000373880058759823
2025-02-14,2,1,45,2025,7,-0.568931579589844,-1.87190818786621,267.341278076172,276.974822998047,0
2025-02-15,2,1,46,2025,7,-0.588420212268829,0.80573844909668,273.635406494141,277.112091064453,0.000335315853590146
2025-02-16,2,1,47,2025,7,4.05315208435059,2.85034251213074,280.934844970703,285.635101318359,0.00031944116926752
2025-02-17,2,1,48,2025,8,3.0941219329834,-1.88834381103516,266.023406982422,276.478637695312,0
2025-02-18,2,1,49,2025,8,-0.0846462249755859,-1.19874632358551,267.048675537109,276.107879638672,0
2025-02-19,2,1,50,2025,8,-2.23815155029297,-2.23773503303528,267.088104248047,271.74755859375,0.000127315521240234
2025-02-20,2,1,51,2025,8,1.43929290771484,-3.13673973083496,263.538787841797,270.600555419922,1.85767803486669e-05
2025-02-21,2,1,52,2025,8,2.08994102478027,-2.90019345283508,262.021240234375,272.118682861328,0
2025-02-22,2,1,53,2025,8,0.0869509354233742,0.249242141842842,264.405487060547,274.53515625,0
2025-02-23,2,1,54,2025,8,0.563481628894806,-0.587800323963165,268.465728759766,278.619384765625,0
2025-02-24,2,1,55,2025,9,0.0716292038559914,0.617503464221954,271.598419189453,280.596038818359,0
2025-02-25,2,1,56,2025,9,1.76546728610992,0.591868698596954,274.8828125,284.405364990234,0
2025-02-26,2,1,57,2025,9,1.22990739345551,0.468847900629044,275.132965087891,286.586303710938,0
2025-02-27,2,1,58,2025,9,2.60714793205261,1.90259420871735,277.373809814453,288.492584228516,3.1590461730957e-05
2025-02-28,2,1,59,2025,9,2.5384464263916,0.0469525642693043,271.307495117188,284.927856445312,0
2025-03-15,3,2,74,2025,11,-1.68603193759918,2.51529312133789,284.144317626953,287.944000244141,8.34465026855469e-06
2025-03-16,3,2,75,2025,11,-0.266407638788223,5.47333478927612,289.708801269531,292.810089111328,0.000502864539157599
2025-03-17,3,2,76,2025,12,1.99030435085297,-3.87025189399719,277.871826171875,286.235260009766,7.75853768573143e-05
2025-03-18,3,2,77,2025,12,1.02334272861481,-0.955926239490509,270.419982910156,285.031372070312,0
2025-03-19,3,2,78,2025,12,0.824557602405548,2.52066111564636,273.301391601562,289.294677734375,0
2025-03-20,3,2,79,2025,12,2.49117922782898,2.82265400886536,278.821716308594,288.753631591797,0.000325898319715634
2025-03-21,3,2,80,2025,12,2.93388867378235,-1.52905023097992,269.560638427734,283.078308105469,0
2025-03-22,3,2,81,2025,12,3.54247355461121,1.39317893981934,270.154541015625,287.132537841797,0
2025-03-23,3,2,82,2025,12,0.2744280397892,0.452618926763535,272.037689208984,287.016937255859,0
2025-03-24,3,2,83,2025,13,2.17804217338562,3.00957417488098,280.691070556641,288.162567138672,0.000233034297707491
2025-03-25,3,2,84,2025,13,1.72928106784821,-0.0861612930893898,274.147186279297,287.737548828125,1.92721690837061e-05
2025-03-26,3,2,85,2025,13,2.06958961486816,-2.64531207084656,270.726898193359,284.802001953125,0
2025-03-27,3,2,86,2025,13,1.19803106784821,-0.0417868308722973,270.508331298828,283.706878662109,0
2025-03-28,3,2,87,2025,13,1.94539964199066,3.28425478935242,275.597564697266,290.436737060547,0
2025-03-29,3,2,88,2025,13,2.15768361091614,3.20152282714844,284.586334228516,293.879272460938,0
2025-03-30,3,2,89,2025,13,0.961367905139923,3.49832844734192,285.981658935547,293.821014404297,5.64257288715453e-06
2025-03-31,3,2,90,2025,14,1.92635595798492,2.93837285041809,289.285217285156,293.317413330078,0.0003318190574646
2025-04-01,4,2,91,2025,14,0.611248672008514,-1.62526381015778,279.689331054688,288.046112060547,1.58945724137993e-07
2025-04-02,4,2,92,2025,14,-2.20573616027832,1.16301214694977,283.726654052734,289.127777099609,8.34465026855469e-07
2025-04-03,4,2,93,2025,14,0.887569427490234,3.86211323738098,290.834381103516,296.017578125,3.01599502563477e-05
2025-04-04,4,2,94,2025,14,2.01331973075867,2.81425213813782,289.852813720703,298.113922119141,1.41064322178863e-06
2025-04-05,4,2,95,2025,14,1.75333213806152,3.79232335090637,289.609924316406,297.904296875,3.238518957005e-06
2025-04-06,4,2,96,2025,14,3.07868576049805,3.2477867603302,287.801544189453,297.440032958984,0.000180681541678496
2025-04-07,4,2,97,2025,15,2.34707713127136,2.28040885925293,290.112274169922,291.362213134766,0.0016761819133535
2025-04-08,4,2,98,2025,15,1.34059846401215,-2.69630694389343,274.742797851562,284.316436767578,6.99361180522828e-06
2025-04-09,4,2,99,2025,15,-1.38967514038086,-0.279410034418106,269.841003417969,282.036346435547,0
2025-04-10,4,2,100,2025,15,-0.500453293323517,1.93622648715973,279.238250732422,284.832733154297,0.000192940235137939
2025-04-11,4,2,101,2025,15,-0.509285628795624,-1.58850347995758,282.403045654297,284.096710205078,0.000926951586734504
2025-04-12,4,2,102,2025,15,1.54895722866058,-2.66904258728027,276.436065673828,282.831695556641,3.71535611520812e-06
2025-04-13,4,2,103,2025,15,1.92537248134613,-0.687388718128204,274.134613037109,284.164215087891,0
2025-04-14,4,2,104,2025,16,3.20554089546204,2.67657399177551,281.501007080078,292.470275878906,0
2025-04-15,4,2,105,2025,16,4.1232762336731,-0.796233475208282,278.966979980469,291.827758789062,1.98682155172492e-08
2025-04-16,4,2,106,2025,16,2.8489043712616,-1.56976509094238,272.441070556641,287.083160400391,0
2025-04-17,4,2,107,2025,16,-0.954348862171173,-0.247086837887764,274.425598144531,286.874481201172,0
2025-04-18,4,2,108,2025,16,1.03366279602051,3.66297268867493,280.410339355469,291.855712890625,0
2025-04-19,4,2,109,2025,16,2.09320449829102,3.7841784954071,287.789825439453,295.525726318359,0
2025-04-20,4,2,110,2025,16,0.906711578369141,1.75441741943359,288.981109619141,296.623626708984,4.17232513427734e-07
2025-04-21,4,2,111,2025,17,1.08163774013519,3.08177185058594,286.7666015625,295.943572998047,0
2025-04-22,4,2,112,2025,17,1.63843595981598,0.856325149536133,288.521850585938,294.730804443359,9.82880592346191e-05
2025-04-23,4,2,113,2025,17,-1.23057174682617,-0.722603499889374,285.634368896484,293.706298828125,0
2025-04-24,4,2,114,2025,17,-1.09884583950043,0.579966247081757,287.851165771484,292.972045898438,7.311502849916e-05
2025-04-25,4,2,115,2025,17,0.676318466663361,1.76173782348633,290.596771240234,294.115203857422,0.000213781997445039
2025-04-26,4,2,116,2025,17,2.56874585151672,1.68732511997223,289.5224609375,295.015380859375,0.000172436237335205
2025-04-27,4,2,117,2025,17,-0.421297699213028,-2.39070773124695,278.498321533203,289.689483642578,0
2025-04-28,4,2,118,2025,18,-1.15609109401703,0.869286239147186,277.814361572266,290.113647460938,0
2025-04-29,4,2,119,2025,18,1.6515554189682,3.03946304321289,284.571380615234,293.352935791016,7.94728620689966e-08
2025-04-30,4,2,120,2025,18,1.98129844665527,1.68035638332367,289.491851806641,296.694671630859,5.27501106262207e-05
2025-05-15,5,3,135,2025,20,0.55845832824707,1.41518270969391,291.940368652344,296.095123291016,4.97897453897167e-05
2025-05-16,5,3,136,2025,20,1.64855897426605,0.983128845691681,292.986358642578,298.162200927734,0
2025-05-17,5,3,137,2025,20,3.47087216377258,1.5251350402832,289.91015625,298.123748779297,8.95063058123924e-05
2025-05-18,5,3,138,2025,20,3.30815052986145,-0.229422882199287,285.47265625,296.994995117188,0
2025-05-19,5,3,139,2025,21,1.65635621547699,-0.559956848621368,285.803894042969,295.626037597656,1.11261999791168e-06
2025-05-20,5,3,140,2025,21,-1.39470541477203,-0.310291916131973,285.592987060547,294.577270507812,8.75194891705178e-05
2025-05-21,5,3,141,2025,21,0.666772842407227,0.192622497677803,290.448577880859,296.674102783203,0.000109453998447862
2025-05-22,5,3,142,2025,21,3.56084752082825,-0.582235336303711,281.563812255859,294.9541015625,0
2025-05-23,5,3,143,2025,21,2.90823817253113,-1.95108473300934,277.750396728516,292.010559082031,0
2025-05-24,5,3,144,2025,21,2.02253651618958,-0.334969848394394,278.136688232422,290.870483398438,0
2025-05-25,5,3,145,2025,21,-0.526381194591522,-0.181063339114189,281.494842529297,292.809448242188,8.80161951499758e-06
2025-05-26,5,3,146,2025,22,-1.9921098947525,-0.849171340465546,286.745330810547,290.448699951172,6.89824446453713e-05
2025-05-27,5,3,147,2025,22,-2.03235554695129,-1.65792143344879,284.540557861328,287.176483154297,0.00149871909525245
2025-05-28,5,3,148,2025,22,0.374551147222519,-1.1857191324234,288.498138427734,290.931182861328,0.000414709240430966
2025-05-29,5,3,149,2025,22,-0.113046012818813,0.834181487560272,291.303802490234,293.628448486328,0.000532190024387091
2025-05-30,5,3,150,2025,22,2.82378125190735,1.23798048496246,290.163726806641,293.785491943359,0.00052720308303833
2025-05-31,5,3,151,2025,22,4.67258310317993,-0.516493499279022,284.148895263672,292.4521484375,1.05301542134839e-05
2025-06-01,6,3,152,2025,22,0.959456145763397,0.0438861846923828,285.677612304688,291.684661865234,0.000148375824210234
2025-06-02,6,3,153,2025,23,-0.26841989159584,-1.42989027500153,282.940673828125,291.986450195312,0
2025-06-03,6,3,154,2025,23,-0.178418472409248,1.7259578704834,284.248382568359,294.087371826172,0
2025-06-04,6,3,155,2025,23,-0.976007461547852,1.6327075958252,289.638824462891,295.847778320312,1.9868214451435e-07
2025-06-05,6,3,156,2025,23,-1.55552232265472,0.229823425412178,292.250457763672,294.216278076172,0.000534971535671502
2025-06-06,6,3,157,2025,23,1.33105278015137,-0.161780044436455,292.959197998047,298.191009521484,3.238518957005e-06
2025-06-07,6,3,158,2025,23,1.95081079006195,0.444240570068359,294.127990722656,298.642303466797,0.000135203197714873
2025-06-08,6,3,159,2025,23,2.11100840568542,1.65970551967621,293.517822265625,298.591827392578,3.1073886930244e-05
2025-06-09,6,3,160,2025,24,1.81770265102386,0.764365494251251,291.546905517578,298.846954345703,8.02278518676758e-05
2025-06-10,6,3,161,2025,24,1.60842001438141,1.76003074645996,292.758056640625,296.972412109375,0.000162303447723389
2025-06-11,6,3,162,2025,24,0.624257385730743,0.0366547890007496,292.174346923828,298.085235595703,9.83476638793945e-06
2025-06-12,6,3,163,2025,24,0.467182785272598,1.04061508178711,292.097412109375,298.465942382812,4.41074371337891e-06
2025-06-13,6,3,164,2025,24,1.06424140930176,2.17000389099121,294.799896240234,298.148590087891,0.000105897583125625
2025-06-14,6,3,165,2025,24,1.67426812648773,2.02881932258606,294.696563720703,298.992889404297,0.000236451625823975
2025-06-15,6,3,166,2025,24,1.87031495571136,1.89588868618011,294.791046142578,298.425201416016,0.000323553889757022
2025-06-16,6,3,167,2025,25,0.447912842035294,1.18358170986176,295.096832275391,298.778350830078,0.000336964934831485
2025-06-17,6,3,168,2025,25,0.981725692749023,1.50219917297363,295.392364501953,300.000762939453,0.000275492668151855
2025-06-18,6,3,169,2025,25,2.93189358711243,2.28568577766418,294.041748046875,300.893463134766,2.82128644357726e-06
2025-06-19,6,3,170,2025,25,3.04619407653809,2.24516415596008,293.130340576172,300.847686767578,0.00011591116344789
2025-06-20,6,3,171,2025,25,0.145123168826103,-0.482885360717773,288.69921875,298.796356201172,0
2025-06-21,6,3,172,2025,25,-0.330207824707031,1.15893113613129,289.324737548828,299.916656494141,0
2025-06-22,6,3,173,2025,25,0.730228424072266,1.28636801242828,292.657928466797,301.841979980469,0
2025-06-23,6,3,174,2025,26,0.814706802368164,0.254814147949219,293.658569335938,303.537231445312,1.74840295130707e-06
2025-06-24,6,3,175,2025,26,-0.468990325927734,-0.574146926403046,294.362396240234,304.630096435547,2.28484464059875e-06
2025-06-25,6,3,176,2025,26,1.10289061069489,0.18941242992878,294.817596435547,303.491577148438,0.000182946518179961
2025-06-26,6,3,177,2025,26,0.726568877696991,0.332722991704941,294.678527832031,300.562103271484,0.000289281219011173
2025-06-27,6,3,178,2025,26,0.801545441150665,0.602010071277618,295.204254150391,300.379028320312,0.000162661075592041
2025-06-28,6,3,179,2025,26,0.469205856323242,0.935551941394806,295.220153808594,299.769226074219,0.000261406094068661
2025-06-29,6,3,180,2025,26,0.559801757335663,0.935839354991913,294.946411132812,300.367492675781,0.000134090587380342
2025-06-30,6,3,181,2025,27,0.440617889165878,2.17159652709961,294.695373535156,301.474884033203,3.30607108480763e-05
2026-01-15,1,1,15,2026,3,3.95245552062988,-2.54642605781555,263.098083496094,274.45654296875,1.98682155172492e-08
2026-01-16,1,1,16,2026,3,1.65397894382477,1.72184562683105,259.050048828125,272.16748046875,0
2026-01-17,1,1,17,2026,3,1.88204574584961,2.97036480903625,269.396270751953,278.353118896484,6.35782896551973e-07
2026-01-18,1,1,18,2026,3,0.810514450073242,-1.12082540988922,274.867889404297,276.524017333984,0.000457863003248349
2026-01-19,1,1,19,2026,4,2.59094500541687,0.825833022594452,266.854034423828,273.349884033203,0
2026-01-20,1,1,20,2026,4,1.34603691101074,-1.43615531921387,261.323822021484,272.491424560547,0
2026-01-21,1,1,21,2026,4,-0.313997894525528,2.13527798652649,262.264068603516,273.537078857422,0
2026-01-22,1,1,22,2026,4,2.70753216743469,0.913922011852264,271.037811279297,281.304351806641,1.24772386698169e-05
2026-01-23,1,1,23,2026,4,0.00770441675558686,-1.58697509765625,269.367828369141,279.074676513672,0
2026-01-24,1,1,24,2026,4,-2.70224761962891,-3.21685338020325,258.287200927734,270.349975585938,3.81072350137401e-05
2026-01-25,1,1,25,2026,4,-0.460151046514511,-0.992446899414062,265.228210449219,266.015533447266,0.000728249549865723
2026-01-26,1,1,26,2026,5,2.55964350700378,-2.47038197517395,266.560119628906,272.127624511719,2.15967502299463e-05
2026-01-27,1,1,27,2026,5,3.04255223274231,0.601301848888397,257.219390869141,269.427215576172,0
2026-01-28,1,1,28,2026,5,1.91701829433441,-0.773788452148438,262.12646484375,273.157989501953,0
2026-01-29,1,1,29,2026,5,1.51103591918945,-1.72996079921722,257.869140625,271.821197509766,0
2026-01-30,1,1,30,2026,5,-1.52054846286774,-1.05361497402191,261.753753662109,271.232543945312,5.00679016113281e-06
2026-01-31,1,1,31,2026,5,-2.16639971733093,-4.10329103469849,261.140380859375,267.201721191406,0.000285307556623593
2026-02-01,2,1,32,2026,5,2.66294550895691,-3.98133015632629,259.179901123047,268.009368896484,5.45978546142578e-05
2026-02-02,2,1,33,2026,6,1.83983862400055,-1.08021223545074,259.414916992188,269.690460205078,0
2026-02-03,2,1,34,2026,6,1.58689820766449,1.03512895107269,265.475463867188,274.947174072266,5.16573607001192e-07
2026-02-04,2,1,35,2026,6,-0.714828491210938,-1.15745866298676,272.637176513672,276.233154296875,0.000121891498565674
2026-02-05,2,1,36,2026,6,-0.776756942272186,-2.43580174446106,267.965606689453,273.87548828125,2.71399821940577e-05
2026-02-06,2,1,37,2026,6,2.07855606079102,0.206089019775391,268.528472900391,274.460083007812,3.33388634317089e-05
2026-02-07,2,1,38,2026,6,3.2596447467804,-4.45498514175415,258.946868896484,274.255157470703,0
2026-02-08,2,1,39,2026,6,1.32559716701508,-2.10080409049988,254.00325012207,270.424102783203,7.35123967388063e-06
2026-02-09,2,1,40,2026,7,-0.502516448497772,0.694099426269531,259.533782958984,272.989166259766,0
2026-02-10,2,1,41,2026,7,1.76699066162109,2.36240696907043,272.943634033203,281.179656982422,0
2026-02-11,2,1,42,2026,7,3.1468334197998,-1.03841459751129,274.964263916016,287.136505126953,8.14596830878145e-07
2026-02-12,2,1,43,2026,7,2.11420249938965,-2.42254638671875,265.667022705078,279.669830322266,0
2026-02-13,2,1,44,2026,7,0.0381240844726562,-1.48230040073395,265.521148681641,277.656433105469,0
2026-02-14,2,1,45,2026,7,1.07294082641602,1.38558006286621,268.272979736328,278.433349609375,0
2026-02-15,2,1,46,2026,7,-0.470912307500839,0.35087776184082,276.907196044922,280.210968017578,0.00126890337560326
2026-02-16,2,1,47,2026,8,-1.11253297328949,-2.37432599067688,277.896331787109,281.767852783203,4.15245676776976e-06
2026-02-17,2,1,48,2026,8,1.15533697605133,2.70581746101379,277.520172119141,282.072448730469,0
2026-02-18,2,1,49,2026,8,2.70041394233704,3.56765627861023,282.838592529297,287.406677246094,2.38418579101562e-07
2026-02-19,2,1,50,2026,8,0.879787445068359,0.984931290149689,286.226104736328,289.458282470703,7.98304899944924e-05
2026-02-20,2,1,51,2026,8,2.01972007751465,0.782066345214844,282.947265625,290.565338134766,2.24510822590673e-05
2026-02-21,2,1,52,2026,8,0.742185592651367,0.196935653686523,276.925048828125,287.427093505859,1.50998437220551e-06
2026-02-22,2,1,53,2026,8,1.91951179504395,-2.9702033996582,274.620269775391,279.886322021484,0.000238597393035889
2026-02-23,2,1,54,2026,9,4.07062387466431,-3.94788098335266,263.461456298828,273.803375244141,2.38418579101562e-07
2026-02-24,2,1,55,2026,9,2.68102765083313,-0.777306854724884,263.342315673828,273.529388427734,0
2026-02-25,2,1,56,2026,9,3.18687891960144,3.75169253349304,271.603271484375,282.412200927734,9.73542569226993e-07
2026-02-26,2,1,57,2026,9,1.24379599094391,0.846582412719727,283.23828125,284.437652587891,0.000891168892849237
2026-02-27,2,1,58,2026,9,-1.58048570156097,-1.23024237155914,280.605346679688,281.497833251953,8.2115329860244e-05
2026-02-28,2,1,59,2026,9,0.493696838617325,-0.0691935196518898,279.783538818359,283.100006103516,1.21196114832856e-06
2026-03-15,3,2,74,2026,11,-2.47212672233582,2.1921718120575,281.992431640625,288.379486083984,7.06911087036133e-05
2026-03-16,3,2,75,2026,12,1.92842864990234,4.60905122756958,287.124786376953,288.906677246094,0.000532309233676642
2026-03-17,3,2,76,2026,12,3.67644429206848,-1.76315557956696,264.211212158203,276.077117919922,0
2026-03-18,3,2,77,2026,12,-0.830972671508789,-0.383155822753906,263.683502197266,275.491180419922,0
2026-03-19,3,2,78,2026,12,0.793975174427032,0.889081299304962,271.567962646484,281.441009521484,0
2026-03-20,3,2,79,2026,12,1.90709817409515,2.59090995788574,275.114776611328,286.74462890625,1.3907749973896e-07
2026-03-21,3,2,80,2026,12,2.66222381591797,1.00374221801758,280.463165283203,292.460083007812,2.33252849284327e-05
2026-03-22,3,2,81,2026,12,2.55057525634766,1.80965483188629,285.298614501953,294.347320556641,3.97364310344983e-08
2026-03-23,3,2,82,2026,13,2.95714378356934,-1.84979951381683,281.105743408203,293.680877685547,0
2026-03-24,3,2,83,2026,13,-1.83257865905762,-1.90041291713715,268.930755615234,280.784881591797,0
2026-03-25,3,2,84,2026,13,-0.470544815063477,1.76844847202301,271.783325195312,282.664428710938,0
2026-03-26,3,2,85,2026,13,2.51306653022766,3.059818983078,281.879180908203,291.634674072266,0
2026-03-27,3,2,86,2026,13,2.32088398933411,0.688528716564178,286.539031982422,295.2861328125,0.000173906490090303
2026-03-28,3,2,87,2026,13,-0.608449280261993,-3.31249737739563,271.304321289062,282.501373291016,6.22272491455078e-05
2026-03-29,3,2,88,2026,13,-0.28666940331459,2.70764231681824,269.844482421875,282.209136962891,0
2026-03-30,3,2,89,2026,14,1.83655548095703,3.30017733573914,281.559478759766,288.898040771484,1.19209289550781e-07
2026-03-31,3,2,90,2026,14,2.14896202087402,3.67562103271484,285.188659667969,292.875183105469,1.11261999791168e-06
2026-04-01,4,2,91,2026,14,1.61785638332367,2.88739275932312,287.700347900391,295.211456298828,5.14586781719117e-06
2026-04-02,4,2,92,2026,14,0.408830642700195,3.47358584403992,287.601409912109,295.029632568359,4.58955764770508e-06
2026-04-03,4,2,93,2026,14,0.979136168956757,3.13523483276367,287.548797607422,294.268707275391,5.84125518798828e-06
2026-04-04,4,2,94,2026,14,1.65913391113281,3.34634590148926,288.484710693359,295.266815185547,4.60942601421266e-06
2026-04-05,4,2,95,2026,14,2.4345691204071,2.50080609321594,288.763336181641,292.167877197266,0.000558396161068231
2026-04-06,4,2,96,2026,15,0.905771255493164,-1.64437162876129,273.811798095703,285.732818603516,0
2026-04-07,4,2,97,2026,15,0.0343430824577808,-1.81075918674469,273.726226806641,286.2021484375,0
2026-04-08,4,2,98,2026,15,-2.97236442565918,-1.63635957241058,269.573120117188,283.383636474609,0
2026-04-09,4,2,99,2026,15,-1.51861763000488,0.00154240929987282,272.124664306641,283.285003662109,0
2026-04-10,4,2,100,2026,15,0.599810302257538,1.71715104579926,276.766235351562,287.622711181641,0
2026-04-11,4,2,101,2026,15,1.51142942905426,-0.0768718719482422,280.709075927734,292.758026123047,8.14596830878145e-07
2026-04-12,4,2,102,2026,15,-1.47041320800781,1.72563803195953,284.426849365234,293.094940185547,5.5630999895584e-07
2026-04-13,4,2,103,2026,16,2.16805195808411,3.32324910163879,284.296905517578,295.207763671875,0
2026-04-14,4,2,104,2026,16,2.15668296813965,1.92403411865234,283.324554443359,296.091949462891,0
2026-04-15,4,2,105,2026,16,1.74485778808594,2.05327606201172,283.824310302734,297.806823730469,0
2026-04-16,4,2,106,2026,16,2.44510078430176,2.64242744445801,282.963531494141,298.107055664062,0
2026-04-17,4,2,107,2026,16,2.03846287727356,-0.35395684838295,283.757537841797,296.962036132812,6.95387507221312e-06
2026-04-18,4,2,108,2026,16,1.34940016269684,1.8497428894043,283.670776367188,296.46435546875,0
2026-04-19,4,2,109,2026,16,2.39583206176758,-2.22278594970703,277.250762939453,289.510772705078,3.12129668600392e-05
2026-04-20,4,2,110,2026,17,2.3690357208252,-1.23243713378906,270.6787109375,285.864166259766,1.68879830653168e-06
2026-04-21,4,2,111,2026,17,-0.829966843128204,0.455834716558456,270.588439941406,284.978240966797,0
2026-04-22,4,2,112,2026,17,2.0181941986084,1.18676245212555,277.806884765625,291.410125732422,0
2026-04-23,4,2,113,2026,17,1.94811820983887,0.272835403680801,280.304168701172,294.040802001953,0
2026-04-24,4,2,114,2026,17,2.20157814025879,0.792936980724335,281.067169189453,294.509857177734,0
2026-04-25,4,2,115,2026,17,1.97165620326996,0.733559906482697,283.887969970703,293.991241455078,5.81741333007812e-05
2026-04-26,4,2,116,2026,17,-1.73140907287598,-1.68411004543304,285.347930908203,288.360626220703,9.72350462689064e-05
2026-04-27,4,2,117,2026,18,-2.24297451972961,-0.899157226085663,279.376159667969,288.091857910156,1.98682155172492e-08
2026-04-28,4,2,118,2026,18,1.1059627532959,2.4890468120575,282.814727783203,287.184600830078,6.00417442910839e-05
2026-04-29,4,2,119,2026,18,1.00320684909821,1.87322556972504,287.9853515625,291.069915771484,0.000177840396645479
2026-04-30,4,2,120,2026,18,0.969582259654999,-2.44900250434875,282.176483154297,290.561798095703,3.06765250570606e-05
2026-05-15,5,3,135,2026,20,1.90764808654785,-0.373271316289902,276.274871826172,289.158325195312,0
2026-05-16,5,3,136,2026,20,1.46755540370941,2.53721308708191,281.018096923828,293.801116943359,0
2026-05-17,5,3,137,2026,20,1.30146729946136,2.00229001045227,288.289337158203,298.124481201172,1.29938125610352e-05
2026-05-18,5,3,138,2026,21,1.2977682352066,2.60746121406555,289.831298828125,299.966705322266,9.05990600585938e-06
2026-05-19,5,3,139,2026,21,1.4665355682373,2.61626362800598,289.263214111328,300.095611572266,1.39077508265473e-06
2026-05-20,5,3,140,2026,21,0.878256499767303,2.59223437309265,289.544097900391,299.674896240234,7.33137130737305e-06
2026-05-21,5,3,141,2026,21,-0.00423049926757812,1.04179382324219,289.849365234375,298.748992919922,1.02519989013672e-05
2026-05-22,5,3,142,2026,21,-2.59173130989075,-2.2414538860321,288.412445068359,289.587738037109,0.000448862701887265
2026-05-23,5,3,143,2026,21,-1.56802940368652,-1.88691079616547,287.459228515625,287.831268310547,0.000742137432098389
2026-05-24,5,3,144,2026,21,-0.834183394908905,-0.45987257361412,290.349517822266,292.502410888672,4.86373901367188e-05
2026-05-25,5,3,145,2026,22,0.6179478764534,2.65923309326172,294.742401123047,295.709808349609,0.00086454552365467
2026-05-26,5,3,146,2026,22,1.26147079467773,1.89982664585114,295.067718505859,297.349670410156,0.000241200134041719
2026-05-27,5,3,147,2026,22,2.47512173652649,2.07656288146973,294.729705810547,297.4072265625,0.000275174767011777
2026-05-28,5,3,148,2026,22,1.02914869785309,-1.26409339904785,291.692413330078,298.446441650391,7.54992186102754e-07
2026-05-29,5,3,149,2026,22,-0.582020461559296,-0.210574463009834,286.610107421875,295.455017089844,0
2026-05-30,5,3,150,2026,22,0.171578720211983,-0.884803116321564,285.757263183594,297.328674316406,0
2026-05-31,5,3,151,2026,22,-0.952238082885742,0.905162811279297,283.214111328125,293.127471923828,0
2026-06-01,6,3,152,2026,23,0.394210815429688,-0.254498809576035,286.660491943359,295.546722412109,3.97364310344983e-08
2026-06-02,6,3,153,2026,23,-2.37808609008789,-2.24930572509766,282.029510498047,292.210418701172,1.98682155172492e-08
2026-06-03,6,3,154,2026,23,-0.271380096673965,-1.7725168466568,279.932495117188,292.344360351562,0
2026-06-04,6,3,155,2026,23,-0.017872491851449,-0.665835082530975,281.919097900391,295.087249755859,0
2026-06-05,6,3,156,2026,23,1.47918570041656,0.753325164318085,284.715270996094,297.760162353516,0
2026-06-06,6,3,157,2026,23,2.31966662406921,1.42558479309082,287.158599853516,299.097503662109,0
2026-06-07,6,3,158,2026,23,2.61855506896973,0.709291458129883,288.628021240234,300.486114501953,0
2026-06-08,6,3,159,2026,24,-1.16866743564606,-0.0326182059943676,291.416290283203,299.941986083984,1.16626424642163e-05
2026-06-09,6,3,160,2026,24,-0.543525695800781,1.19641244411469,290.867034912109,297.298583984375,3.21269035339355e-05
2026-06-10,6,3,161,2026,24,2.01994967460632,2.28549122810364,293.646942138672,300.060302734375,2.16166172322119e-05
2026-06-11,6,3,162,2026,24,2.08797907829285,1.38811683654785,293.647186279297,302.425445556641,9.93410776573e-06
2026-06-12,6,3,163,2026,24,2.24518656730652,0.499595016241074,292.890533447266,303.771087646484,9.31819249672117e-06
2026-06-13,6,3,164,2026,24,0.344889968633652,-1.61545431613922,291.790283203125,301.767242431641,1.2516975402832e-05
2026-06-14,6,3,165,2026,24,0.76822155714035,1.67577421665192,293.380035400391,300.516082763672,6.94990158081055e-05
2026-06-15,6,3,166,2026,25,1.76225912570953,-1.94894981384277,287.005706787109,298.489349365234,3.14116477966309e-05
2026-06-16,6,3,167,2026,25,-0.15753173828125,-0.315273284912109,285.422210693359,295.641448974609,1.47223472595215e-05
2026-06-17,6,3,168,2026,25,1.88762664794922,1.28382813930511,288.182403564453,299.066528320312,0
2026-06-18,6,3,169,2026,25,3.53794741630554,2.74772644042969,292.865875244141,300.975921630859,1.43845873026294e-05
2026-06-19,6,3,170,2026,25,2.1922779083252,-0.865413665771484,289.965911865234,298.462738037109,0.000852962315548211
2026-06-20,6,3,171,2026,25,1.64177000522614,-0.51224011182785,285.125366210938,297.058929443359,0
2026-06-21,6,3,172,2026,25,1.0843620300293,1.04803085327148,288.497406005859,299.106353759766,2.10603070627258e-06
2026-06-22,6,3,173,2026,26,NA,NA,NA,NA,NA
2026-06-23,6,3,174,2026,26,NA,NA,NA,NA,NA
2026-06-24,6,3,175,2026,26,NA,NA,NA,NA,NA
2026-06-25,6,3,176,2026,26,NA,NA,NA,NA,NA
2026-06-26,6,3,177,2026,26,NA,NA,NA,NA,NA
2026-06-27,6,3,178,2026,26,NA,NA,NA,NA,NA
2026-06-28,6,3,179,2026,26,NA,NA,NA,NA,NA
2026-06-29,6,3,180,2026,27,NA,NA,NA,NA,NA
2026-06-30,6,3,181,2026,27,NA,NA,NA,NA,NA
